Workbook

Sheet Combined Portfolio Performance
A1: Sr. No. | C1: Sector | D1: COMPANY NAME | E1: Quaterly Price | M1: Profit Amount for Equal Disttribution | W1: Profit Amount for Maximum Porfolio Retuns | AG1: Profit Amount for Max Sharpe Ratio
B2: Symbol | E2: As on 01-04-24 | F2: As on 30-06-24 | G2: As on 30-09-24 | H2: As on 31-12-24 | I2: As on 31-03-25 | J2: As on 30-06-25 | K2: As on 30-09-25 | M2: Weights (6.67%) | N2: No. Shares | O2: As on 01-04-24 | P2: As on 30-06-24 | Q2: As on 30-09-24 | R2: As on 31-12-24 | S2: As on 31-03-25 | T2: As on 30-06-25 | U2: As on 30-09-25 | W2: Max -Profit Weight | X2: No. Shares | Y2: As on 01-04-24 | Z2: As on 30-06-24 | AA2: As on 30-09-24 | AB2: As on 31-12-24 | AC2: As on 31-03-25 | AD2: As on 30-06-25 | AE2: As on 30-09-25 | AG2: Max -Sharpe Ratio Weight | AH2: No. Shares | AI2: As on 01-04-24 | AJ2: As on 30-06-24 | AK2: As on 30-09-24 | AL2: As on 31-12-24 | AM2: As on 31-03-25 | AN2: As on 30-06-25 | AO2: As on 30-09-25
A3: 1 | B3: TATACOMM | C3: TELECOM | D3: Tata Communications Ltd | E3: 2036.6 | F3: 1854.5 | G3: 2134.8 | H3: 1703.4 | I3: 1578.2 | J3: 1690.6 | K3: 1613 | M3: =1/15 -> 0.066666667 | N3: =ROUND(800000*M3/E3,0) -> 26 | O3: =N3*E3 -> 52951.6 | P3: =$N3*(F3-$E3) -> -4734.6 | Q3: =$N3*(G3-$E3) -> 2553.2 | R3: =$N3*(H3-$E3) -> -8663.2 | S3: =$N3*(I3-$E3) -> -11918.4 | T3: =$N3*(J3-$E3) -> -8996 | U3: =$N3*(K3-$E3) -> -11013.6 | W3: 0.18000001 | X3: =ROUND(800000*W3/E3,0) -> 71 | Y3: =X3*$E3 -> 144598.6 | Z3: =$X3*(F3-$E3) -> -12929.1 | AA3: =$X3*(G3-$E3) -> 6972.2 | AB3: =$X3*(H3-$E3) -> -23657.2 | AC3: =$X3*(I3-$E3) -> -32546.4 | AD3: =$X3*(J3-$E3) -> -24566 | AE3: =$X3*(K3-$E3) -> -30075.6 | AG3: 0.02 | AH3: =ROUND(800000*AG3/I3,0) -> 10 | AI3: =AH3*$E3 -> 20366 | AJ3: =$AH3*(F3-$E3) -> -1821 | AK3: =$AH3*(G3-$E3) -> 982 | AL3: =$AH3*(H3-$E3) -> -3332 | AM3: =$AH3*(I3-$E3) -> -4584 | AN3: =$AH3*(J3-$E3) -> -3460 | AO3: =$AH3*(K3-$E3) -> -4236
A4: 2 | B4: NELCO | C4: TELECOM | D4: Nelco Ltd | E4: 718.4 | F4: 770.3 | G4: 1028 | H4: 1262.3 | I4: 896.3 | J4: 1010.9 | K4: 842.2 | M4: =1/15 -> 0.066666667 | N4: =ROUND(800000*M4/E4,0) -> 74 | O4: =N4*E4 -> 53161.6 | P4: =$N4*(F4-$E4) -> 3840.6 | Q4: =$N4*(G4-$E4) -> 22910.4 | R4: =$N4*(H4-$E4) -> 40248.6 | S4: =$N4*(I4-$E4) -> 13164.6 | T4: =$N4*(J4-$E4) -> 21645 | U4: =$N4*(K4-$E4) -> 9161.2 | W4: 0.02 | X4: =ROUND(800000*W4/E4,0) -> 22 | Y4: =X4*$E4 -> 15804.8 | Z4: =$X4*(F4-$E4) -> 1141.8 | AA4: =$X4*(G4-$E4) -> 6811.2 | AB4: =$X4*(H4-$E4) -> 11965.8 | AC4: =$X4*(I4-$E4) -> 3913.8 | AD4: =$X4*(J4-$E4) -> 6435 | AE4: =$X4*(K4-$E4) -> 2723.6 | AG4: 0.2 | AH4: =ROUND(800000*AG4/I4,0) -> 179 | AI4: =AH4*$E4 -> 128593.6 | AJ4: =$AH4*(F4-$E4) -> 9290.1 | AK4: =$AH4*(G4-$E4) -> 55418.4 | AL4: =$AH4*(H4-$E4) -> 97358.1 | AM4: =$AH4*(I4-$E4) -> 31844.1 | AN4: =$AH4*(J4-$E4) -> 52357.5 | AO4: =$AH4*(K4-$E4) -> 22160.2
A5: 3 | B5: INDUSTOWER | C5: TELECOM | D5: Indus Towers Ltd | E5: 315.2 | F5: 375.3 | G5: 392.6 | H5: 341.8 | I5: 352.5 | J5: 421.1 | K5: 342.9 | M5: =1/15 -> 0.066666667 | N5: =ROUND(800000*M5/E5,0) -> 169 | O5: =N5*E5 -> 53268.8 | P5: =$N5*(F5-$E5) -> 10156.9 | Q5: =$N5*(G5-$E5) -> 13080.6 | R5: =$N5*(H5-$E5) -> 4495.4 | S5: =$N5*(I5-$E5) -> 6303.7 | T5: =$N5*(J5-$E5) -> 17897.1 | U5: =$N5*(K5-$E5) -> 4681.3 | W5: 0.02 | X5: =ROUND(800000*W5/E5,0) -> 51 | Y5: =X5*$E5 -> 16075.2 | Z5: =$X5*(F5-$E5) -> 3065.1 | AA5: =$X5*(G5-$E5) -> 3947.4 | AB5: =$X5*(H5-$E5) -> 1356.6 | AC5: =$X5*(I5-$E5) -> 1902.3 | AD5: =$X5*(J5-$E5) -> 5400.9 | AE5: =$X5*(K5-$E5) -> 1412.7 | AG5: 0.2 | AH5: =ROUND(800000*AG5/I5,0) -> 454 | AI5: =AH5*$E5 -> 143100.8 | AJ5: =$AH5*(F5-$E5) -> 27285.4 | AK5: =$AH5*(G5-$E5) -> 35139.6 | AL5: =$AH5*(H5-$E5) -> 12076.4 | AM5: =$AH5*(I5-$E5) -> 16934.2 | AN5: =$AH5*(J5-$E5) -> 48078.6 | AO5: =$AH5*(K5-$E5) -> 12575.8
A6: 4 | B6: ANTELOPUS | C6: Oil and gas | D6: Antelopus | E6: 459.9 | F6: 731.8 | G6: 845.6 | H6: 819.9 | I6: 573.4 | J6: 694.9 | K6: 551.8 | M6: =1/15 -> 0.066666667 | N6: =ROUND(800000*M6/E6,0) -> 116 | O6: =N6*E6 -> 53348.4 | P6: =$N6*(F6-$E6) -> 31540.4 | Q6: =$N6*(G6-$E6) -> 44741.2 | R6: =$N6*(H6-$E6) -> 41760 | S6: =$N6*(I6-$E6) -> 13166 | T6: =$N6*(J6-$E6) -> 27260 | U6: =$N6*(K6-$E6) -> 10660.4 | W6: 0.02 | X6: =ROUND(800000*W6/E6,0) -> 35 | Y6: =X6*$E6 -> 16096.5 | Z6: =$X6*(F6-$E6) -> 9516.5 | AA6: =$X6*(G6-$E6) -> 13499.5 | AB6: =$X6*(H6-$E6) -> 12600 | AC6: =$X6*(I6-$E6) -> 3972.5 | AD6: =$X6*(J6-$E6) -> 8225 | AE6: =$X6*(K6-$E6) -> 3216.5 | AG6: 0.2 | AH6: =ROUND(800000*AG6/I6,0) -> 279 | AI6: =AH6*$E6 -> 128312.1 | AJ6: =$AH6*(F6-$E6) -> 75860.1 | AK6: =$AH6*(G6-$E6) -> 107610.3 | AL6: =$AH6*(H6-$E6) -> 100440 | AM6: =$AH6*(I6-$E6) -> 31666.5 | AN6: =$AH6*(J6-$E6) -> 65565 | AO6: =$AH6*(K6-$E6) -> 25640.1
A7: 5 | B7: ONGC | C7: Oil and gas | D7: Oil and Natural Gas Corporation Ltd | E7: 269.9 | F7: 274.2 | G7: 297.6 | H7: 239.3 | I7: 248.1 | J7: 244.2 | K7: 239.5 | M7: =1/15 -> 0.066666667 | N7: =ROUND(800000*M7/E7,0) -> 198 | O7: =N7*E7 -> 53440.2 | P7: =$N7*(F7-$E7) -> 851.4 | Q7: =$N7*(G7-$E7) -> 5484.6 | R7: =$N7*(H7-$E7) -> -6058.8 | S7: =$N7*(I7-$E7) -> -4316.4 | T7: =$N7*(J7-$E7) -> -5088.6 | U7: =$N7*(K7-$E7) -> -6019.2 | W7: 0.02 | X7: =ROUND(800000*W7/E7,0) -> 59 | Y7: =X7*$E7 -> 15924.1 | Z7: =$X7*(F7-$E7) -> 253.7 | AA7: =$X7*(G7-$E7) -> 1634.3 | AB7: =$X7*(H7-$E7) -> -1805.4 | AC7: =$X7*(I7-$E7) -> -1286.2 | AD7: =$X7*(J7-$E7) -> -1516.3 | AE7: =$X7*(K7-$E7) -> -1793.6 | AG7: 0.02 | AH7: =ROUND(800000*AG7/I7,0) -> 64 | AI7: =AH7*$E7 -> 17273.6 | AJ7: =$AH7*(F7-$E7) -> 275.2 | AK7: =$AH7*(G7-$E7) -> 1772.8 | AL7: =$AH7*(H7-$E7) -> -1958.4 | AM7: =$AH7*(I7-$E7) -> -1395.2 | AN7: =$AH7*(J7-$E7) -> -1644.8 | AO7: =$AH7*(K7-$E7) -> -1945.6
A8: 6 | B8: HINDOILEXP | C8: Oil and gas | D8: Hindustan Oil Exploration Company Ltd | E8: 181.6 | F8: 196 | G8: 231.1 | H8: 183.2 | I8: 172.6 | J8: 167.1 | K8: 170.3 | M8: =1/15 -> 0.066666667 | N8: =ROUND(800000*M8/E8,0) -> 294 | O8: =N8*E8 -> 53390.4 | P8: =$N8*(F8-$E8) -> 4233.6 | Q8: =$N8*(G8-$E8) -> 14553 | R8: =$N8*(H8-$E8) -> 470.4 | S8: =$N8*(I8-$E8) -> -2646 | T8: =$N8*(J8-$E8) -> -4263 | U8: =$N8*(K8-$E8) -> -3322.2 | W8: 0.02 | X8: =ROUND(800000*W8/E8,0) -> 88 | Y8: =X8*$E8 -> 15980.8 | Z8: =$X8*(F8-$E8) -> 1267.2 | AA8: =$X8*(G8-$E8) -> 4356 | AB8: =$X8*(H8-$E8) -> 140.8 | AC8: =$X8*(I8-$E8) -> -792 | AD8: =$X8*(J8-$E8) -> -1276 | AE8: =$X8*(K8-$E8) -> -994.4 | AG8: 0.02 | AH8: =ROUND(800000*AG8/I8,0) -> 93 | AI8: =AH8*$E8 -> 16888.8 | AJ8: =$AH8*(F8-$E8) -> 1339.2 | AK8: =$AH8*(G8-$E8) -> 4603.5 | AL8: =$AH8*(H8-$E8) -> 148.8 | AM8: =$AH8*(I8-$E8) -> -837 | AN8: =$AH8*(J8-$E8) -> -1348.5 | AO8: =$AH8*(K8-$E8) -> -1050.9
A9: 7 | B9: TTKPRESTIG | C9: Consumer Electronics | D9: TTK Prestige Ltd | E9: 692.5 | F9: 786.8 | G9: 875.4 | H9: 809.9 | I9: 612.7 | J9: 624.4 | K9: 635.2 | M9: =1/15 -> 0.066666667 | N9: =ROUND(800000*M9/E9,0) -> 77 | O9: =N9*E9 -> 53322.5 | P9: =$N9*(F9-$E9) -> 7261.1 | Q9: =$N9*(G9-$E9) -> 14083.3 | R9: =$N9*(H9-$E9) -> 9039.8 | S9: =$N9*(I9-$E9) -> -6144.6 | T9: =$N9*(J9-$E9) -> -5243.7 | U9: =$N9*(K9-$E9) -> -4412.1 | W9: 0.02 | X9: =ROUND(800000*W9/E9,0) -> 23 | Y9: =X9*$E9 -> 15927.5 | Z9: =$X9*(F9-$E9) -> 2168.9 | AA9: =$X9*(G9-$E9) -> 4206.7 | AB9: =$X9*(H9-$E9) -> 2700.2 | AC9: =$X9*(I9-$E9) -> -1835.4 | AD9: =$X9*(J9-$E9) -> -1566.3 | AE9: =$X9*(K9-$E9) -> -1317.9 | AG9: 0.02 | AH9: =ROUND(800000*AG9/I9,0) -> 26 | AI9: =AH9*$E9 -> 18005 | AJ9: =$AH9*(F9-$E9) -> 2451.8 | AK9: =$AH9*(G9-$E9) -> 4755.4 | AL9: =$AH9*(H9-$E9) -> 3052.4 | AM9: =$AH9*(I9-$E9) -> -2074.8 | AN9: =$AH9*(J9-$E9) -> -1770.6 | AO9: =$AH9*(K9-$E9) -> -1489.8
A10: 8 | B10: VOLTAS | C10: Consumer Electronics | D10: Voltas Ltd | E10: 1151.6 | F10: 1472.2 | G10: 1845.1 | H10: 1790 | I10: 1352.1 | J10: 1314.1 | K10: 1354 | M10: =1/15 -> 0.066666667 | N10: =ROUND(800000*M10/E10,0) -> 46 | O10: =N10*E10 -> 52973.6 | P10: =$N10*(F10-$E10) -> 14747.6 | Q10: =$N10*(G10-$E10) -> 31901 | R10: =$N10*(H10-$E10) -> 29366.4 | S10: =$N10*(I10-$E10) -> 9223 | T10: =$N10*(J10-$E10) -> 7475 | U10: =$N10*(K10-$E10) -> 9310.4 | W10: 0.02 | X10: =ROUND(800000*W10/E10,0) -> 14 | Y10: =X10*$E10 -> 16122.4 | Z10: =$X10*(F10-$E10) -> 4488.4 | AA10: =$X10*(G10-$E10) -> 9709 | AB10: =$X10*(H10-$E10) -> 8937.6 | AC10: =$X10*(I10-$E10) -> 2807 | AD10: =$X10*(J10-$E10) -> 2275 | AE10: =$X10*(K10-$E10) -> 2833.6 | AG10: 0.02 | AH10: =ROUND(800000*AG10/I10,0) -> 12 | AI10: =AH10*$E10 -> 13819.2 | AJ10: =$AH10*(F10-$E10) -> 3847.2 | AK10: =$AH10*(G10-$E10) -> 8322 | AL10: =$AH10*(H10-$E10) -> 7660.8 | AM10: =$AH10*(I10-$E10) -> 2406 | AN10: =$AH10*(J10-$E10) -> 1950 | AO10: =$AH10*(K10-$E10) -> 2428.8
A11: 9 | B11: WHR | C11: Consumer Electronics | D11: Whirlpool of India Ltd | E11: 119.2 | F11: 87.03 | G11: 102.7 | H11: 114.5 | I11: 91.2 | J11: 93 | K11: 81.09 | M11: =1/15 -> 0.066666667 | N11: =ROUND(800000*M11/E11,0) -> 447 | O11: =N11*E11 -> 53282.4 | P11: =$N11*(F11-$E11) -> -14379.99 | Q11: =$N11*(G11-$E11) -> -7375.5 | R11: =$N11*(H11-$E11) -> -2100.9 | S11: =$N11*(I11-$E11) -> -12516 | T11: =$N11*(J11-$E11) -> -11711.4 | U11: =$N11*(K11-$E11) -> -17035.17 | W11: 0.02 | X11: =ROUND(800000*W11/E11,0) -> 134 | Y11: =X11*$E11 -> 15972.8 | Z11: =$X11*(F11-$E11) -> -4310.78 | AA11: =$X11*(G11-$E11) -> -2211 | AB11: =$X11*(H11-$E11) -> -629.8 | AC11: =$X11*(I11-$E11) -> -3752 | AD11: =$X11*(J11-$E11) -> -3510.8 | AE11: =$X11*(K11-$E11) -> -5106.74 | AG11: 0.02 | AH11: =ROUND(800000*AG11/I11,0) -> 175 | AI11: =AH11*$E11 -> 20860 | AJ11: =$AH11*(F11-$E11) -> -5629.75 | AK11: =$AH11*(G11-$E11) -> -2887.5 | AL11: =$AH11*(H11-$E11) -> -822.5 | AM11: =$AH11*(I11-$E11) -> -4900 | AN11: =$AH11*(J11-$E11) -> -4585 | AO11: =$AH11*(K11-$E11) -> -6669.25
A12: 10 | B12: MAITHANALL | C12: Metal | D12: Maithan Alloys Ltd | E12: 1021.3 | F12: 1190.3 | G12: 1158.1 | H12: 1119.2 | I12: 909.15 | J12: 1232.4 | K12: 1099 | M12: =1/15 -> 0.066666667 | N12: =ROUND(800000*M12/E12,0) -> 52 | O12: =N12*E12 -> 53107.6 | P12: =$N12*(F12-$E12) -> 8788 | Q12: =$N12*(G12-$E12) -> 7113.6 | R12: =$N12*(H12-$E12) -> 5090.8 | S12: =$N12*(I12-$E12) -> -5831.8 | T12: =$N12*(J12-$E12) -> 10977.2 | U12: =$N12*(K12-$E12) -> 4040.4 | W12: 0.02 | X12: =ROUND(800000*W12/E12,0) -> 16 | Y12: =X12*$E12 -> 16340.8 | Z12: =$X12*(F12-$E12) -> 2704 | AA12: =$X12*(G12-$E12) -> 2188.8 | AB12: =$X12*(H12-$E12) -> 1566.4 | AC12: =$X12*(I12-$E12) -> -1794.4 | AD12: =$X12*(J12-$E12) -> 3377.6 | AE12: =$X12*(K12-$E12) -> 1243.2 | AG12: 0.02 | AH12: =ROUND(800000*AG12/I12,0) -> 18 | AI12: =AH12*$E12 -> 18383.4 | AJ12: =$AH12*(F12-$E12) -> 3042 | AK12: =$AH12*(G12-$E12) -> 2462.4 | AL12: =$AH12*(H12-$E12) -> 1762.2 | AM12: =$AH12*(I12-$E12) -> -2018.7 | AN12: =$AH12*(J12-$E12) -> 3799.8 | AO12: =$AH12*(K12-$E12) -> 1398.6
A13: 11 | B13: SARDAEN | C13: Metal | D13: Sarda Energy & Minerals Ltd | E13: 207.1 | F13: 232.6 | G13: 443 | H13: 482.7 | I13: 528.1 | J13: 443.4 | K13: 539.4 | M13: =1/15 -> 0.066666667 | N13: =ROUND(800000*M13/E13,0) -> 258 | O13: =N13*E13 -> 53431.8 | P13: =$N13*(F13-$E13) -> 6579 | Q13: =$N13*(G13-$E13) -> 60862.2 | R13: =$N13*(H13-$E13) -> 71104.8 | S13: =$N13*(I13-$E13) -> 82818 | T13: =$N13*(J13-$E13) -> 60965.4 | U13: =$N13*(K13-$E13) -> 85733.4 | W13: 0.2 | X13: =ROUND(800000*W13/E13,0) -> 773 | Y13: =X13*$E13 -> 160088.3 | Z13: =$X13*(F13-$E13) -> 19711.5 | AA13: =$X13*(G13-$E13) -> 182350.7 | AB13: =$X13*(H13-$E13) -> 213038.8 | AC13: =$X13*(I13-$E13) -> 248133 | AD13: =$X13*(J13-$E13) -> 182659.9 | AE13: =$X13*(K13-$E13) -> 256867.9 | AG13: 0.02 | AH13: =ROUND(800000*AG13/I13,0) -> 30 | AI13: =AH13*$E13 -> 6213 | AJ13: =$AH13*(F13-$E13) -> 765 | AK13: =$AH13*(G13-$E13) -> 7077 | AL13: =$AH13*(H13-$E13) -> 8268 | AM13: =$AH13*(I13-$E13) -> 9630 | AN13: =$AH13*(J13-$E13) -> 7089 | AO13: =$AH13*(K13-$E13) -> 9969
A14: 12 | B14: TATASTEEL | C14: Metal | D14: Tata Steel Ltd | E14: 163.2 | F14: 174 | G14: 168.6 | H14: 138.1 | I14: 153.1 | J14: 159.8 | K14: 168.8 | M14: =1/15 -> 0.066666667 | N14: =ROUND(800000*M14/E14,0) -> 327 | O14: =N14*E14 -> 53366.4 | P14: =$N14*(F14-$E14) -> 3531.6 | Q14: =$N14*(G14-$E14) -> 1765.8 | R14: =$N14*(H14-$E14) -> -8207.7 | S14: =$N14*(I14-$E14) -> -3302.7 | T14: =$N14*(J14-$E14) -> -1111.8 | U14: =$N14*(K14-$E14) -> 1831.2 | W14: 0.02 | X14: =ROUND(800000*W14/E14,0) -> 98 | Y14: =X14*$E14 -> 15993.6 | Z14: =$X14*(F14-$E14) -> 1058.4 | AA14: =$X14*(G14-$E14) -> 529.2 | AB14: =$X14*(H14-$E14) -> -2459.8 | AC14: =$X14*(I14-$E14) -> -989.8 | AD14: =$X14*(J14-$E14) -> -333.2 | AE14: =$X14*(K14-$E14) -> 548.8 | AG14: 0.02 | AH14: =ROUND(800000*AG14/I14,0) -> 105 | AI14: =AH14*$E14 -> 17136 | AJ14: =$AH14*(F14-$E14) -> 1134 | AK14: =$AH14*(G14-$E14) -> 567 | AL14: =$AH14*(H14-$E14) -> -2635.5 | AM14: =$AH14*(I14-$E14) -> -1060.5 | AN14: =$AH14*(J14-$E14) -> -357 | AO14: =$AH14*(K14-$E14) -> 588
... A17: 15 | B17: JINDRILL | C17: Construction | D17: Jindal Drilling & Industries Ltd | E17: 634.4 | F17: 635.8 | G17: 616.8 | H17: 771 | I17: 876.7 | J17: 286.05604 | K17: 594.4 | M17: =1/15 -> 0.066666667 | N17: =ROUND(800000*M17/E17,0) -> 84 | O17: =N17*E17 -> 53289.6 | P17: =$N17*(F17-$E17) -> 117.6 | Q17: =$N17*(G17-$E17) -> -1478.4 | R17: =$N17*(H17-$E17) -> 11474.4 | S17: =$N17*(I17-$E17) -> 20353.2 | T17: =$N17*(J17-$E17) -> -29260.892 | U17: =$N17*(K17-$E17) -> -3360 | W17: 0.2 | X17: =ROUND(800000*W17/E17,0) -> 252 | Y17: =X17*$E17 -> 159868.8 | Z17: =$X17*(F17-$E17) -> 352.8 | AA17: =$X17*(G17-$E17) -> -4435.2 | AB17: =$X17*(H17-$E17) -> 34423.2 | AC17: =$X17*(I17-$E17) -> 61059.6 | AD17: =$X17*(J17-$E17) -> -87782.677 | AE17: =$X17*(K17-$E17) -> -10080 | AG17: 0.18 | AH17: =ROUND(800000*AG17/I17,0) -> 164 | AI17: =AH17*$E17 -> 104041.6 | AJ17: =$AH17*(F17-$E17) -> 229.6 | AK17: =$AH17*(G17-$E17) -> -2886.4 | AL17: =$AH17*(H17-$E17) -> 22402.4 | AM17: =$AH17*(I17-$E17) -> 39737.2 | AN17: =$AH17*(J17-$E17) -> -57128.409 | AO17: =$AH17*(K17-$E17) -> -6560
A18: Total | M18: =SUM(M3:M17) -> 1 | N18: =SUM(N3:N17) -> 2531 | O18: =SUM(O3:O17) -> 799158.9 | P18: =SUM(P3:P17) -> 125869.61 | Q18: =SUM(Q3:Q17) -> 293506.8 | R18: =SUM(R3:R17) -> 255416.8 | S18: =SUM(S3:S17) -> 147580.2 | T18: =SUM(T3:T17) -> 130233.77 | U18: =SUM(U3:U17) -> 127755.33 | W18: =SUM(W3:W17) -> 1 | X18: =SUM(X3:X17) -> 2206 | Y18: =SUM(Y3:Y17) -> 800724.7 | Z18: =SUM(Z3:Z17) -> 107741.22 | AA18: =SUM(AA3:AA17) -> 367909.2 | AB18: =SUM(AB3:AB17) -> 417965.3 | AC18: =SUM(AC3:AC17) -> 380491.4 | AD18: =SUM(AD3:AD17) -> 208425.35 | AE18: =SUM(AE3:AE17) -> 320248.36 | AG18: =SUM(AG3:AG17) -> 1 | AH18: =SUM(AH3:AH17) -> 1685 | AI18: =SUM(AI3:AI17) -> 675231.1 | AJ18: =SUM(AJ3:AJ17) -> 129305.65 | AK18: =SUM(AK3:AK17) -> 240262.1 | AL18: =SUM(AL3:AL17) -> 257692.3 | AM18: =SUM(AM3:AM17) -> 125275 | AN18: =SUM(AN3:AN17) -> 118286.82 | AO18: =SUM(AO3:AO17) -> 62346.55

Sheet Sector wise Performance
A1: Sr. No. | C1: Sector | D1: COMPANY NAME | E1: Quaterly Price | M1: Profit Amount for Equal Disttribution | W1: Profit Amount for Maximum Porfolio Retuns | AG1: Profit Amount for Max Sharpe Ratio
B2: Symbol | E2: As on 01-04-24 | F2: As on 30-06-24 | G2: As on 30-09-24 | H2: As on 31-12-24 | I2: As on 31-03-25 | J2: As on 30-06-25 | K2: As on 30-09-25 | M2: Weights (33.33%) | N2: No. Shares | O2: As on 01-04-24 | P2: As on 30-06-24 | Q2: As on 30-09-24 | R2: As on 31-12-24 | S2: As on 31-03-25 | T2: As on 30-06-25 | U2: As on 30-09-25 | W2: Max -Profit Weight | X2: No. Shares | Y2: As on 01-04-24 | Z2: As on 30-06-24 | AA2: As on 30-09-24 | AB2: As on 31-12-24 | AC2: As on 31-03-25 | AD2: As on 30-06-25 | AE2: As on 30-09-25 | AG2: Max -Sharpe Ratio Weight | AH2: No. Shares | AI2: As on 01-04-24 | AJ2: As on 30-06-24 | AK2: As on 30-09-24 | AL2: As on 31-12-24 | AM2: As on 31-03-25 | AN2: As on 30-06-25 | AO2: As on 30-09-25
A3: 1 | B3: TATACOMM | C3: TELECOM | D3: Tata Communications Ltd | E3: 2036.6 | F3: 1854.5 | G3: 2134.8 | H3: 1703.4 | I3: 1578.2 | J3: 1690.6 | K3: 1613 | M3: =1/3 -> 0.33333333 | N3: =ROUND(160000*M3/E3,0) -> 26 | O3: =N3*E3 -> 52951.6 | P3: =$N3*(F3-$E3) -> -4734.6 | Q3: =$N3*(G3-$E3) -> 2553.2 | R3: =$N3*(H3-$E3) -> -8663.2 | S3: =$N3*(I3-$E3) -> -11918.4 | T3: =$N3*(J3-$E3) -> -8996 | U3: =$N3*(K3-$E3) -> -11013.6 | W3: 0.4 | X3: =ROUND(160000*W3/E3,0) -> 31 | Y3: =X3*$E3 -> 63134.6 | Z3: =$X3*(F3-$E3) -> -5645.1 | AA3: =$X3*(G3-$E3) -> 3044.2 | AB3: =$X3*(H3-$E3) -> -10329.2 | AC3: =$X3*(I3-$E3) -> -14210.4 | AD3: =$X3*(J3-$E3) -> -10726 | AE3: =$X3*(K3-$E3) -> -13131.6 | AG3: 0.2 | AH3: =ROUND(160000*AG3/I3,0) -> 20 | AI3: =AH3*$E3 -> 40732 | AJ3: =$AH3*(F3-$E3) -> -3642 | AK3: =$AH3*(G3-$E3) -> 1964 | AL3: =$AH3*(H3-$E3) -> -6664 | AM3: =$AH3*(I3-$E3) -> -9168 | AN3: =$AH3*(J3-$E3) -> -6920 | AO3: =$AH3*(K3-$E3) -> -8472
A4: 2 | B4: NELCO | C4: TELECOM | D4: Nelco Ltd | E4: 718.4 | F4: 770.3 | G4: 1028 | H4: 1262.3 | I4: 896.3 | J4: 1010.9 | K4: 842.2 | M4: =1/3 -> 0.33333333 | N4: =ROUND(160000*M4/E4,0) -> 74 | O4: =N4*E4 -> 53161.6 | P4: =$N4*(F4-$E4) -> 3840.6 | Q4: =$N4*(G4-$E4) -> 22910.4 | R4: =$N4*(H4-$E4) -> 40248.6 | S4: =$N4*(I4-$E4) -> 13164.6 | T4: =$N4*(J4-$E4) -> 21645 | U4: =$N4*(K4-$E4) -> 9161.2 | W4: 0.2 | X4: =ROUND(160000*W4/E4,0) -> 45 | Y4: =X4*$E4 -> 32328 | Z4: =$X4*(F4-$E4) -> 2335.5 | AA4: =$X4*(G4-$E4) -> 13932 | AB4: =$X4*(H4-$E4) -> 24475.5 | AC4: =$X4*(I4-$E4) -> 8005.5 | AD4: =$X4*(J4-$E4) -> 13162.5 | AE4: =$X4*(K4-$E4) -> 5571 | AG4: 0.4 | AH4: =ROUND(160000*AG4/I4,0) -> 71 | AI4: =AH4*$E4 -> 51006.4 | AJ4: =$AH4*(F4-$E4) -> 3684.9 | AK4: =$AH4*(G4-$E4) -> 21981.6 | AL4: =$AH4*(H4-$E4) -> 38616.9 | AM4: =$AH4*(I4-$E4) -> 12630.9 | AN4: =$AH4*(J4-$E4) -> 20767.5 | AO4: =$AH4*(K4-$E4) -> 8789.8
A5: 3 | B5: INDUSTOWER | C5: TELECOM | D5: Indus Towers Ltd | E5: 315.2 | F5: 375.3 | G5: 392.6 | H5: 341.8 | I5: 352.5 | J5: 421.1 | K5: 342.9 | M5: =1/3 -> 0.33333333 | N5: =ROUND(160000*M5/E5,0) -> 169 | O5: =N5*E5 -> 53268.8 | P5: =$N5*(F5-$E5) -> 10156.9 | Q5: =$N5*(G5-$E5) -> 13080.6 | R5: =$N5*(H5-$E5) -> 4495.4 | S5: =$N5*(I5-$E5) -> 6303.7 | T5: =$N5*(J5-$E5) -> 17897.1 | U5: =$N5*(K5-$E5) -> 4681.3 | W5: 0.4 | X5: =ROUND(160000*W5/E5,0) -> 203 | Y5: =X5*$E5 -> 63985.6 | Z5: =$X5*(F5-$E5) -> 12200.3 | AA5: =$X5*(G5-$E5) -> 15712.2 | AB5: =$X5*(H5-$E5) -> 5399.8 | AC5: =$X5*(I5-$E5) -> 7571.9 | AD5: =$X5*(J5-$E5) -> 21497.7 | AE5: =$X5*(K5-$E5) -> 5623.1 | AG5: 0.4 | AH5: =ROUND(160000*AG5/I5,0) -> 182 | AI5: =AH5*$E5 -> 57366.4 | AJ5: =$AH5*(F5-$E5) -> 10938.2 | AK5: =$AH5*(G5-$E5) -> 14086.8 | AL5: =$AH5*(H5-$E5) -> 4841.2 | AM5: =$AH5*(I5-$E5) -> 6788.6 | AN5: =$AH5*(J5-$E5) -> 19273.8 | AO5: =$AH5*(K5-$E5) -> 5041.4
C6: Total | M6: =SUM(M3:M5) -> 1 | N6: =SUM(N3:N5) -> 269 | O6: =SUM(O3:O5) -> 159382 | P6: =SUM(P3:P5) -> 9262.9 | Q6: =SUM(Q3:Q5) -> 38544.2 | R6: =SUM(R3:R5) -> 36080.8 | S6: =SUM(S3:S5) -> 7549.9 | T6: =SUM(T3:T5) -> 30546.1 | U6: =SUM(U3:U5) -> 2828.9 | W6: =SUM(W3:W5) -> 1 | X6: =SUM(X3:X5) -> 279 | Y6: =SUM(Y3:Y5) -> 159448.2 | Z6: =SUM(Z3:Z5) -> 8890.7 | AA6: =SUM(AA3:AA5) -> 32688.4 | AB6: =SUM(AB3:AB5) -> 19546.1 | AC6: =SUM(AC3:AC5) -> 1367 | AD6: =SUM(AD3:AD5) -> 23934.2 | AE6: =SUM(AE3:AE5) -> -1937.5 | AG6: =SUM(AG3:AG5) -> 1 | AH6: =SUM(AH3:AH5) -> 273 | AI6: =SUM(AI3:AI5) -> 149104.8 | AJ6: =SUM(AJ3:AJ5) -> 10981.1 | AK6: =SUM(AK3:AK5) -> 38032.4 | AL6: =SUM(AL3:AL5) -> 36794.1 | AM6: =SUM(AM3:AM5) -> 10251.5 | AN6: =SUM(AN3:AN5) -> 33121.3 | AO6: =SUM(AO3:AO5) -> 5359.2
A7: 4 | B7: ANTELOPUS | C7: Oil and gas | D7: Antelopus | E7: 459.9 | F7: 731.8 | G7: 845.6 | H7: 819.9 | I7: 573.4 | J7: 694.9 | K7: 551.8 | M7: =1/3 -> 0.33333333 | N7: =ROUND(160000*M7/E7,0) -> 116 | O7: =N7*E7 -> 53348.4 | P7: =$N7*(F7-$E7) -> 31540.4 | Q7: =$N7*(G7-$E7) -> 44741.2 | R7: =$N7*(H7-$E7) -> 41760 | S7: =$N7*(I7-$E7) -> 13166 | T7: =$N7*(J7-$E7) -> 27260 | U7: =$N7*(K7-$E7) -> 10660.4 | W7: 0.4 | X7: =ROUND(160000*W7/E7,0) -> 139 | Y7: =X7*$E7 -> 63926.1 | Z7: =$X7*(F7-$E7) -> 37794.1 | AA7: =$X7*(G7-$E7) -> 53612.3 | AB7: =$X7*(H7-$E7) -> 50040 | AC7: =$X7*(I7-$E7) -> 15776.5 | AD7: =$X7*(J7-$E7) -> 32665 | AE7: =$X7*(K7-$E7) -> 12774.1 | AG7: 0.4 | AH7: =ROUND(160000*AG7/I7,0) -> 112 | AI7: =AH7*$E7 -> 51508.8 | AJ7: =$AH7*(F7-$E7) -> 30452.8 | AK7: =$AH7*(G7-$E7) -> 43198.4 | AL7: =$AH7*(H7-$E7) -> 40320 | AM7: =$AH7*(I7-$E7) -> 12712 | AN7: =$AH7*(J7-$E7) -> 26320 | AO7: =$AH7*(K7-$E7) -> 10292.8
A8: 5 | B8: ONGC | C8: Oil and gas | D8: Oil and Natural Gas Corporation Ltd | E8: 269.9 | F8: 274.2 | G8: 297.6 | H8: 239.3 | I8: 248.1 | J8: 244.2 | K8: 239.5 | M8: =1/3 -> 0.33333333 | N8: =ROUND(160000*M8/E8,0) -> 198 | O8: =N8*E8 -> 53440.2 | P8: =$N8*(F8-$E8) -> 851.4 | Q8: =$N8*(G8-$E8) -> 5484.6 | R8: =$N8*(H8-$E8) -> -6058.8 | S8: =$N8*(I8-$E8) -> -4316.4 | T8: =$N8*(J8-$E8) -> -5088.6 | U8: =$N8*(K8-$E8) -> -6019.2 | W8: 0.4 | X8: =ROUND(160000*W8/E8,0) -> 237 | Y8: =X8*$E8 -> 63966.3 | Z8: =$X8*(F8-$E8) -> 1019.1 | AA8: =$X8*(G8-$E8) -> 6564.9 | AB8: =$X8*(H8-$E8) -> -7252.2 | AC8: =$X8*(I8-$E8) -> -5166.6 | AD8: =$X8*(J8-$E8) -> -6090.9 | AE8: =$X8*(K8-$E8) -> -7204.8 | AG8: 0.2 | AH8: =ROUND(160000*AG8/I8,0) -> 129 | AI8: =AH8*$E8 -> 34817.1 | AJ8: =$AH8*(F8-$E8) -> 554.7 | AK8: =$AH8*(G8-$E8) -> 3573.3 | AL8: =$AH8*(H8-$E8) -> -3947.4 | AM8: =$AH8*(I8-$E8) -> -2812.2 | AN8: =$AH8*(J8-$E8) -> -3315.3 | AO8: =$AH8*(K8-$E8) -> -3921.6
A9: 6 | B9: HINDOILEXP | C9: Oil and gas | D9: Hindustan Oil Exploration Company Ltd | E9: 181.6 | F9: 196 | G9: 231.1 | H9: 183.2 | I9: 172.6 | J9: 167.1 | K9: 170.3 | M9: =1/3 -> 0.33333333 | N9: =ROUND(160000*M9/E9,0) -> 294 | O9: =N9*E9 -> 53390.4 | P9: =$N9*(F9-$E9) -> 4233.6 | Q9: =$N9*(G9-$E9) -> 14553 | R9: =$N9*(H9-$E9) -> 470.4 | S9: =$N9*(I9-$E9) -> -2646 | T9: =$N9*(J9-$E9) -> -4263 | U9: =$N9*(K9-$E9) -> -3322.2 | W9: 0.2 | X9: =ROUND(160000*W9/E9,0) -> 176 | Y9: =X9*$E9 -> 31961.6 | Z9: =$X9*(F9-$E9) -> 2534.4 | AA9: =$X9*(G9-$E9) -> 8712 | AB9: =$X9*(H9-$E9) -> 281.6 | AC9: =$X9*(I9-$E9) -> -1584 | AD9: =$X9*(J9-$E9) -> -2552 | AE9: =$X9*(K9-$E9) -> -1988.8 | AG9: 0.4 | AH9: =ROUND(160000*AG9/I9,0) -> 371 | AI9: =AH9*$E9 -> 67373.6 | AJ9: =$AH9*(F9-$E9) -> 5342.4 | AK9: =$AH9*(G9-$E9) -> 18364.5 | AL9: =$AH9*(H9-$E9) -> 593.6 | AM9: =$AH9*(I9-$E9) -> -3339 | AN9: =$AH9*(J9-$E9) -> -5379.5 | AO9: =$AH9*(K9-$E9) -> -4192.3
C10: Total | M10: =SUM(M7:M9) -> 1 | N10: =SUM(N7:N9) -> 608 | O10: =SUM(O7:O9) -> 160179 | P10: =SUM(P7:P9) -> 36625.4 | Q10: =SUM(Q7:Q9) -> 64778.8 | R10: =SUM(R7:R9) -> 36171.6 | S10: =SUM(S7:S9) -> 6203.6 | T10: =SUM(T7:T9) -> 17908.4 | U10: =SUM(U7:U9) -> 1319 | W10: =SUM(W7:W9) -> 1 | X10: =SUM(X7:X9) -> 552 | Y10: =SUM(Y7:Y9) -> 159854 | Z10: =SUM(Z7:Z9) -> 41347.6 | AA10: =SUM(AA7:AA9) -> 68889.2 | AB10: =SUM(AB7:AB9) -> 43069.4 | AC10: =SUM(AC7:AC9) -> 9025.9 | AD10: =SUM(AD7:AD9) -> 24022.1 | AE10: =SUM(AE7:AE9) -> 3580.5 | AG10: =SUM(AG7:AG9) -> 1 | AH10: =SUM(AH7:AH9) -> 612 | AI10: =SUM(AI7:AI9) -> 153699.5 | AJ10: =SUM(AJ7:AJ9) -> 36349.9 | AK10: =SUM(AK7:AK9) -> 65136.2 | AL10: =SUM(AL7:AL9) -> 36966.2 | AM10: =SUM(AM7:AM9) -> 6560.8 | AN10: =SUM(AN7:AN9) -> 17625.2 | AO10: =SUM(AO7:AO9) -> 2178.9
A11: 7 | B11: TTKPRESTIG | C11: Consumer Electronics | D11: TTK Prestige Ltd | E11: 692.5 | F11: 786.8 | G11: 875.4 | H11: 809.9 | I11: 612.7 | J11: 624.4 | K11: 635.2 | M11: =1/3 -> 0.33333333 | N11: =ROUND(160000*M11/E11,0) -> 77 | O11: =N11*E11 -> 53322.5 | P11: =$N11*(F11-$E11) -> 7261.1 | Q11: =$N11*(G11-$E11) -> 14083.3 | R11: =$N11*(H11-$E11) -> 9039.8 | S11: =$N11*(I11-$E11) -> -6144.6 | T11: =$N11*(J11-$E11) -> -5243.7 | U11: =$N11*(K11-$E11) -> -4412.1 | W11: 0.4 | X11: =ROUND(160000*W11/E11,0) -> 92 | Y11: =X11*$E11 -> 63710 | Z11: =$X11*(F11-$E11) -> 8675.6 | AA11: =$X11*(G11-$E11) -> 16826.8 | AB11: =$X11*(H11-$E11) -> 10800.8 | AC11: =$X11*(I11-$E11) -> -7341.6 | AD11: =$X11*(J11-$E11) -> -6265.2 | AE11: =$X11*(K11-$E11) -> -5271.6 | AG11: 0.4 | AH11: =ROUND(160000*AG11/I11,0) -> 104 | AI11: =AH11*$E11 -> 72020 | AJ11: =$AH11*(F11-$E11) -> 9807.2 | AK11: =$AH11*(G11-$E11) -> 19021.6 | AL11: =$AH11*(H11-$E11) -> 12209.6 | AM11: =$AH11*(I11-$E11) -> -8299.2 | AN11: =$AH11*(J11-$E11) -> -7082.4 | AO11: =$AH11*(K11-$E11) -> -5959.2
A12: 8 | B12: VOLTAS | C12: Consumer Electronics | D12: Voltas Ltd | E12: 1151.6 | F12: 1472.2 | G12: 1845.1 | H12: 1790 | I12: 1352.1 | J12: 1314.1 | K12: 1354 | M12: =1/3 -> 0.33333333 | N12: =ROUND(160000*M12/E12,0) -> 46 | O12: =N12*E12 -> 52973.6 | P12: =$N12*(F12-$E12) -> 14747.6 | Q12: =$N12*(G12-$E12) -> 31901 | R12: =$N12*(H12-$E12) -> 29366.4 | S12: =$N12*(I12-$E12) -> 9223 | T12: =$N12*(J12-$E12) -> 7475 | U12: =$N12*(K12-$E12) -> 9310.4 | W12: 0.4 | X12: =ROUND(160000*W12/E12,0) -> 56 | Y12: =X12*$E12 -> 64489.6 | Z12: =$X12*(F12-$E12) -> 17953.6 | AA12: =$X12*(G12-$E12) -> 38836 | AB12: =$X12*(H12-$E12) -> 35750.4 | AC12: =$X12*(I12-$E12) -> 11228 | AD12: =$X12*(J12-$E12) -> 9100 | AE12: =$X12*(K12-$E12) -> 11334.4 | AG12: 0.2 | AH12: =ROUND(160000*AG12/I12,0) -> 24 | AI12: =AH12*$E12 -> 27638.4 | AJ12: =$AH12*(F12-$E12) -> 7694.4 | AK12: =$AH12*(G12-$E12) -> 16644 | AL12: =$AH12*(H12-$E12) -> 15321.6 | AM12: =$AH12*(I12-$E12) -> 4812 | AN12: =$AH12*(J12-$E12) -> 3900 | AO12: =$AH12*(K12-$E12) -> 4857.6
A13: 9 | B13: WHR | C13: Consumer Electronics | D13: Whirlpool of India Ltd | E13: 119.2 | F13: 87.03 | G13: 102.7 | H13: 114.5 | I13: 91.2 | J13: 93 | K13: 81.09 | M13: =1/3 -> 0.33333333 | N13: =ROUND(160000*M13/E13,0) -> 447 | O13: =N13*E13 -> 53282.4 | P13: =$N13*(F13-$E13) -> -14379.99 | Q13: =$N13*(G13-$E13) -> -7375.5 | R13: =$N13*(H13-$E13) -> -2100.9 | S13: =$N13*(I13-$E13) -> -12516 | T13: =$N13*(J13-$E13) -> -11711.4 | U13: =$N13*(K13-$E13) -> -17035.17 | W13: 0.2 | X13: =ROUND(160000*W13/E13,0) -> 268 | Y13: =X13*$E13 -> 31945.6 | Z13: =$X13*(F13-$E13) -> -8621.56 | AA13: =$X13*(G13-$E13) -> -4422 | AB13: =$X13*(H13-$E13) -> -1259.6 | AC13: =$X13*(I13-$E13) -> -7504 | AD13: =$X13*(J13-$E13) -> -7021.6 | AE13: =$X13*(K13-$E13) -> -10213.48 | AG13: 0.4 | AH13: =ROUND(160000*AG13/I13,0) -> 702 | AI13: =AH13*$E13 -> 83678.4 | AJ13: =$AH13*(F13-$E13) -> -22583.34 | AK13: =$AH13*(G13-$E13) -> -11583 | AL13: =$AH13*(H13-$E13) -> -3299.4 | AM13: =$AH13*(I13-$E13) -> -19656 | AN13: =$AH13*(J13-$E13) -> -18392.4 | AO13: =$AH13*(K13-$E13) -> -26753.22
C14: Total | M14: =SUM(M11:M13) -> 1 | N14: =SUM(N11:N13) -> 570 | O14: =SUM(O11:O13) -> 159578.5 | P14: =SUM(P11:P13) -> 7628.71 | Q14: =SUM(Q11:Q13) -> 38608.8 | R14: =SUM(R11:R13) -> 36305.3 | S14: =SUM(S11:S13) -> -9437.6 | T14: =SUM(T11:T13) -> -9480.1 | U14: =SUM(U11:U13) -> -12136.87 | W14: =SUM(W11:W13) -> 1 | X14: =SUM(X11:X13) -> 416 | Y14: =SUM(Y11:Y13) -> 160145.2 | Z14: =SUM(Z11:Z13) -> 18007.64 | AA14: =SUM(AA11:AA13) -> 51240.8 | AB14: =SUM(AB11:AB13) -> 45291.6 | AC14: =SUM(AC11:AC13) -> -3617.6 | AD14: =SUM(AD11:AD13) -> -4186.8 | AE14: =SUM(AE11:AE13) -> -4150.68 | AG14: =SUM(AG11:AG13) -> 1 | AH14: =SUM(AH11:AH13) -> 830 | AI14: =SUM(AI11:AI13) -> 183336.8 | AJ14: =SUM(AJ11:AJ13) -> -5081.74 | AK14: =SUM(AK11:AK13) -> 24082.6 | AL14: =SUM(AL11:AL13) -> 24231.8 | AM14: =SUM(AM11:AM13) -> -23143.2 | AN14: =SUM(AN11:AN13) -> -21574.8 | AO14: =SUM(AO11:AO13) -> -27854.82
A15: 10 | B15: MAITHANALL | C15: Metal | D15: Maithan Alloys Ltd | E15: 1021.3 | F15: 1190.3 | G15: 1158.1 | H15: 1119.2 | I15: 909.15 | J15: 1232.4 | K15: 1099 | M15: =1/3 -> 0.33333333 | N15: =ROUND(160000*M15/E15,0) -> 52 | O15: =N15*E15 -> 53107.6 | P15: =$N15*(F15-$E15) -> 8788 | Q15: =$N15*(G15-$E15) -> 7113.6 | R15: =$N15*(H15-$E15) -> 5090.8 | S15: =$N15*(I15-$E15) -> -5831.8 | T15: =$N15*(J15-$E15) -> 10977.2 | U15: =$N15*(K15-$E15) -> 4040.4 | W15: 0.2 | X15: =ROUND(160000*W15/E15,0) -> 31 | Y15: =X15*$E15 -> 31660.3 | Z15: =$X15*(F15-$E15) -> 5239 | AA15: =$X15*(G15-$E15) -> 4240.8 | AB15: =$X15*(H15-$E15) -> 3034.9 | AC15: =$X15*(I15-$E15) -> -3476.65 | AD15: =$X15*(J15-$E15) -> 6544.1 | AE15: =$X15*(K15-$E15) -> 2408.7 | AG15: 0.4 | AH15: =ROUND(160000*AG15/I15,0) -> 70 | AI15: =AH15*$E15 -> 71491 | AJ15: =$AH15*(F15-$E15) -> 11830 | AK15: =$AH15*(G15-$E15) -> 9576 | AL15: =$AH15*(H15-$E15) -> 6853 | AM15: =$AH15*(I15-$E15) -> -7850.5 | AN15: =$AH15*(J15-$E15) -> 14777 | AO15: =$AH15*(K15-$E15) -> 5439
A16: 11 | B16: SARDAEN | C16: Metal | D16: Sarda Energy & Minerals Ltd | E16: 207.1 | F16: 232.6 | G16: 443 | H16: 482.7 | I16: 528.1 | J16: 443.4 | K16: 539.4 | M16: =1/3 -> 0.33333333 | N16: =ROUND(160000*M16/E16,0) -> 258 | O16: =N16*E16 -> 53431.8 | P16: =$N16*(F16-$E16) -> 6579 | Q16: =$N16*(G16-$E16) -> 60862.2 | R16: =$N16*(H16-$E16) -> 71104.8 | S16: =$N16*(I16-$E16) -> 82818 | T16: =$N16*(J16-$E16) -> 60965.4 | U16: =$N16*(K16-$E16) -> 85733.4 | W16: 0.4 | X16: =ROUND(160000*W16/E16,0) -> 309 | Y16: =X16*$E16 -> 63993.9 | Z16: =$X16*(F16-$E16) -> 7879.5 | AA16: =$X16*(G16-$E16) -> 72893.1 | AB16: =$X16*(H16-$E16) -> 85160.4 | AC16: =$X16*(I16-$E16) -> 99189 | AD16: =$X16*(J16-$E16) -> 73016.7 | AE16: =$X16*(K16-$E16) -> 102680.7 | AG16: 0.4 | AH16: =ROUND(160000*AG16/I16,0) -> 121 | AI16: =AH16*$E16 -> 25059.1 | AJ16: =$AH16*(F16-$E16) -> 3085.5 | AK16: =$AH16*(G16-$E16) -> 28543.9 | AL16: =$AH16*(H16-$E16) -> 33347.6 | AM16: =$AH16*(I16-$E16) -> 38841 | AN16: =$AH16*(J16-$E16) -> 28592.3 | AO16: =$AH16*(K16-$E16) -> 40208.3
A17: 12 | B17: TATASTEEL | C17: Metal | D17: Tata Steel Ltd | E17: 163.2 | F17: 174 | G17: 168.6 | H17: 138.1 | I17: 153.1 | J17: 159.8 | K17: 168.8 | M17: =1/3 -> 0.33333333 | N17: =ROUND(160000*M17/E17,0) -> 327 | O17: =N17*E17 -> 53366.4 | P17: =$N17*(F17-$E17) -> 3531.6 | Q17: =$N17*(G17-$E17) -> 1765.8 | R17: =$N17*(H17-$E17) -> -8207.7 | S17: =$N17*(I17-$E17) -> -3302.7 | T17: =$N17*(J17-$E17) -> -1111.8 | U17: =$N17*(K17-$E17) -> 1831.2 | W17: 0.4 | X17: =ROUND(160000*W17/E17,0) -> 392 | Y17: =X17*$E17 -> 63974.4 | Z17: =$X17*(F17-$E17) -> 4233.6 | AA17: =$X17*(G17-$E17) -> 2116.8 | AB17: =$X17*(H17-$E17) -> -9839.2 | AC17: =$X17*(I17-$E17) -> -3959.2 | AD17: =$X17*(J17-$E17) -> -1332.8 | AE17: =$X17*(K17-$E17) -> 2195.2 | AG17: 0.2 | AH17: =ROUND(160000*AG17/I17,0) -> 209 | AI17: =AH17*$E17 -> 34108.8 | AJ17: =$AH17*(F17-$E17) -> 2257.2 | AK17: =$AH17*(G17-$E17) -> 1128.6 | AL17: =$AH17*(H17-$E17) -> -5245.9 | AM17: =$AH17*(I17-$E17) -> -2110.9 | AN17: =$AH17*(J17-$E17) -> -710.6 | AO17: =$AH17*(K17-$E17) -> 1170.4
C18: Total | M18: =SUM(M15:M17) -> 1 | N18: =SUM(N15:N17) -> 637 | O18: =SUM(O15:O17) -> 159905.8 | P18: =SUM(P15:P17) -> 18898.6 | Q18: =SUM(Q15:Q17) -> 69741.6 | R18: =SUM(R15:R17) -> 67987.9 | S18: =SUM(S15:S17) -> 73683.5 | T18: =SUM(T15:T17) -> 70830.8 | U18: =SUM(U15:U17) -> 91605 | W18: =SUM(W15:W17) -> 1 | X18: =SUM(X15:X17) -> 732 | Y18: =SUM(Y15:Y17) -> 159628.6 | Z18: =SUM(Z15:Z17) -> 17352.1 | AA18: =SUM(AA15:AA17) -> 79250.7 | AB18: =SUM(AB15:AB17) -> 78356.1 | AC18: =SUM(AC15:AC17) -> 91753.15 | AD18: =SUM(AD15:AD17) -> 78228 | AE18: =SUM(AE15:AE17) -> 107284.6 | AH18: =SUM(AH15:AH17) -> 400 | AI18: =SUM(AI15:AI17) -> 130658.9 | AJ18: =SUM(AJ15:AJ17) -> 17172.7 | AK18: =SUM(AK15:AK17) -> 39248.5 | AL18: =SUM(AL15:AL17) -> 34954.7 | AM18: =SUM(AM15:AM17) -> 28879.6 | AN18: =SUM(AN15:AN17) -> 42658.7 | AO18: =SUM(AO15:AO17) -> 46817.7
A19: 13 | B19: WELENT | C19: Construction | D19: Welspun Enterprises Ltd | E19: 312 | F19: 449.2 | G19: 557.8 | H19: 614.4 | I19: 500.4 | J19: 541 | K19: 499.5 | M19: =1/3 -> 0.33333333 | N19: =ROUND(160000*M19/E19,0) -> 171 | O19: =N19*E19 -> 53352 | P19: =$N19*(F19-$E19) -> 23461.2 | Q19: =$N19*(G19-$E19) -> 42031.8 | R19: =$N19*(H19-$E19) -> 51710.4 | S19: =$N19*(I19-$E19) -> 32216.4 | T19: =$N19*(J19-$E19) -> 39159 | U19: =$N19*(K19-$E19) -> 32062.5 | W19: 0.4 | X19: =ROUND(160000*W19/E19,0) -> 205 | Y19: =X19*$E19 -> 63960 | Z19: =$X19*(F19-$E19) -> 28126 | AA19: =$X19*(G19-$E19) -> 50389 | AB19: =$X19*(H19-$E19) -> 61992 | AC19: =$X19*(I19-$E19) -> 38622 | AD19: =$X19*(J19-$E19) -> 46945 | AE19: =$X19*(K19-$E19) -> 38437.5 | AG19: 0.4 | AH19: =ROUND(160000*AG19/I19,0) -> 128 | AI19: =AH19*$E19 -> 39936 | AJ19: =$AH19*(F19-$E19) -> 17561.6 | AK19: =$AH19*(G19-$E19) -> 31462.4 | AL19: =$AH19*(H19-$E19) -> 38707.2 | AM19: =$AH19*(I19-$E19) -> 24115.2 | AN19: =$AH19*(J19-$E19) -> 29312 | AO19: =$AH19*(K19-$E19) -> 24000
A20: 14 | B20: INDIANHUME | C20: Construction | D20: The Indian Hume Pipe Company Ltd | E20: 278.5 | F20: 434.1 | G20: 493.5 | H20: 360.2 | I20: 367.1 | J20: 333.34615 | K20: 358.9 | M20: =1/3 -> 0.33333333 | N20: =ROUND(160000*M20/E20,0) -> 192 | O20: =N20*E20 -> 53472 | P20: =$N20*(F20-$E20) -> 29875.2 | Q20: =$N20*(G20-$E20) -> 41280 | R20: =$N20*(H20-$E20) -> 15686.4 | S20: =$N20*(I20-$E20) -> 17011.2 | T20: =$N20*(J20-$E20) -> 10530.462 | U20: =$N20*(K20-$E20) -> 15436.8 | W20: 0.2 | X20: =ROUND(160000*W20/E20,0) -> 115 | Y20: =X20*$E20 -> 32027.5 | Z20: =$X20*(F20-$E20) -> 17894 | AA20: =$X20*(G20-$E20) -> 24725 | AB20: =$X20*(H20-$E20) -> 9395.5 | AC20: =$X20*(I20-$E20) -> 10189 | AD20: =$X20*(J20-$E20) -> 6307.3077 | AE20: =$X20*(K20-$E20) -> 9246 | AG20: 0.2 | AH20: =ROUND(160000*AG20/I20,0) -> 87 | AI20: =AH20*$E20 -> 24229.5 | AJ20: =$AH20*(F20-$E20) -> 13537.2 | AK20: =$AH20*(G20-$E20) -> 18705 | AL20: =$AH20*(H20-$E20) -> 7107.9 | AM20: =$AH20*(I20-$E20) -> 7708.2 | AN20: =$AH20*(J20-$E20) -> 4771.6154 | AO20: =$AH20*(K20-$E20) -> 6994.8
A21: 15 | B21: JINDRILL | C21: Construction | D21: Jindal Drilling & Industries Ltd | E21: 634.4 | F21: 635.8 | G21: 616.8 | H21: 771 | I21: 876.7 | J21: 286.05604 | K21: 594.4 | M21: =1/3 -> 0.33333333 | N21: =ROUND(160000*M21/E21,0) -> 84 | O21: =N21*E21 -> 53289.6 | P21: =$N21*(F21-$E21) -> 117.6 | Q21: =$N21*(G21-$E21) -> -1478.4 | R21: =$N21*(H21-$E21) -> 11474.4 | S21: =$N21*(I21-$E21) -> 20353.2 | T21: =$N21*(J21-$E21) -> -29260.892 | U21: =$N21*(K21-$E21) -> -3360 | W21: 0.4 | X21: =ROUND(160000*W21/E21,0) -> 101 | Y21: =X21*$E21 -> 64074.4 | Z21: =$X21*(F21-$E21) -> 141.4 | AA21: =$X21*(G21-$E21) -> -1777.6 | AB21: =$X21*(H21-$E21) -> 13796.6 | AC21: =$X21*(I21-$E21) -> 24472.3 | AD21: =$X21*(J21-$E21) -> -35182.74 | AE21: =$X21*(K21-$E21) -> -4040 | AG21: 0.4 | AH21: =ROUND(160000*AG21/I21,0) -> 73 | AI21: =AH21*$E21 -> 46311.2 | AJ21: =$AH21*(F21-$E21) -> 102.2 | AK21: =$AH21*(G21-$E21) -> -1284.8 | AL21: =$AH21*(H21-$E21) -> 9971.8 | AM21: =$AH21*(I21-$E21) -> 17687.9 | AN21: =$AH21*(J21-$E21) -> -25429.109 | AO21: =$AH21*(K21-$E21) -> -2920
A22: Total | M22: =SUM(M19:M21) -> 1 | N22: =SUM(N19:N21) -> 447 | O22: =SUM(O19:O21) -> 160113.6 | P22: =SUM(P19:P21) -> 53454 | Q22: =SUM(Q19:Q21) -> 81833.4 | R22: =SUM(R19:R21) -> 78871.2 | S22: =SUM(S19:S21) -> 69580.8 | T22: =SUM(T19:T21) -> 20428.569 | U22: =SUM(U19:U21) -> 44139.3 | W22: =SUM(W19:W21) -> 1 | X22: =SUM(X19:X21:X21) -> 421 | Y22: =SUM(Y19:Y21) -> 160061.9 | Z22: =SUM(Z19:Z21) -> 46161.4 | AA22: =SUM(AA19:AA21) -> 73336.4 | AB22: =SUM(AB19:AB21) -> 85184.1 | AC22: =SUM(AC19:AC21) -> 73283.3 | AD22: =SUM(AD19:AD21) -> 18069.568 | AE22: =SUM(AE19:AE21) -> 43643.5 | AG22: =SUM(AG19:AG21) -> 1 | AH22: =SUM(AH19:AH21) -> 288 | AI22: =SUM(AI3:AI21) -> 1344076.7 | AJ22: =SUM(AJ3:AJ21) -> 150044.92 | AK22: =SUM(AK3:AK21) -> 381882 | AL22: =SUM(AL3:AL21) -> 321680.5 | AM22: =SUM(AM3:AM21) -> 94608.7 | AN22: =SUM(AN3:AN21) -> 152315.31 | AO22: =SUM(AO19:AO21) -> 28074.8
T24: Combined Total | U24: =SUM(U6,U10,U14,U18,U22) -> 127755.33 | AD24: Combined Total | AE24: =SUM(AE6,AE10,AE14,AE18,AE22) -> 148420.42 | AN24: Combined Total | AO24: =SUM(AO6,AO10,AO14,AO18,AO22) -> 54575.78

Sheet TELECOM MAX PROFIT
A2: ASSETS | B2: Expected returns | C2: St.Deviation | D2: Min Weight | E2: Max Weight | F2: weight | J2: TATA COMMUNICATION | K2: NELCO | L2: INDUSTOWER
A3: TATA COMMUNICATION | B3: 0.0024448301 | C3: 0.02407353 | D3: 0.02 | E3: 0.4 | F3: 0.4 | I3: TATA COMMUNICATION | J3: =VARP([1]Sheet1!$A$3:$A$986) -> 0.00057894588 | K3: 0.00016516084 | L3: 0.00016516084
A4: NELCO | B4: 0.0021464261 | C4: 0.030885191 | D4: 0.02 | E4: 0.4 | F4: 0.2 | I4: NELCO | J4: 0.00016516084 | K4: =VARP([1]Sheet1!$B$3:$B$986) -> 0.00095292564 | L4: 0.00095292564
A5: INDUSTOWER | B5: 0.0021464261 | C5: 0.030885191 | D5: 0.02 | E5: 0.4 | F5: 0.4 | I5: INDUSTOWER | J5: 0.00016516084 | K5: 0.00095292564 | L5: =VARP([1]Sheet1!$C$3:$C$986) -> 0.00095292564
A20: Risk Free rate | B20: =C20/365 -> 0.00019178082 | C20: 0.07
A21: Sharp Ratio | B21: =B22-B20/B23 -> -0.0061853987
A22: Expected returns | B22: =SUMPRODUCT(B3:B5,F3:F5) -> 0.0022657877 | C22: =B22*252 -> 0.57097851
A23: Risk (Portfolio) | B23: {=SQRT(MMULT(TRANSPOSE(F3:F5),MMULT(J3:L5,F3:F5)))} -> 0.022692769
A24: Total | B24: =SUM(F3:F17) -> 1

Sheet TELECOM SHARPE 
A2: ASSETS | B2: Expected returns | C2: St.Deviation | D2: Min Weight | E2: Max Weight | F2: weight | J2: TATA COMMUNICATION | K2: NELCO | L2: INDUSTOWER
A3: TATA COMMUNICATION | B3: 0.0024448301 | C3: 0.02407353 | D3: 0.02 | E3: 0.4 | F3: 0.2 | I3: TATA COMMUNICATION | J3: =VARP([1]Sheet1!$A$3:$A$986) -> 0.00057894588 | K3: 0.00016516084 | L3: 0.00016516084
A4: NELCO | B4: 0.0021464261 | C4: 0.030885191 | D4: 0.02 | E4: 0.4 | F4: 0.4 | I4: NELCO | J4: 0.00016516084 | K4: =VARP([1]Sheet1!$B$3:$B$986) -> 0.00095292564 | L4: 0.00095292564
A5: INDUSTOWER | B5: 0.0021464261 | C5: 0.030885191 | D5: 0.02 | E5: 0.4 | F5: 0.4 | I5: INDUSTOWER | J5: 0.00016516084 | K5: 0.00095292564 | L5: =VARP([1]Sheet1!$C$3:$C$986) -> 0.00095292564
A20: Risk Free rate | B20: =C20/365 -> 0.00019178082 | C20: 0.07
A21: Sharp Ratio | B21: =B22-B20/B23 -> -0.0051167503
A22: Expected returns | B22: =SUMPRODUCT(B3:B5,F3:F5) -> 0.0022061069 | C22: =B22*252 -> 0.55593894
A23: Risk (Portfolio) | B23: {=SQRT(MMULT(TRANSPOSE(F3:F5),MMULT(J3:L5,F3:F5)))} -> 0.026189343
A24: Total | B24: =SUM(F3:F17) -> 1

Sheet OIL MAX SHARPE
A2: ASSETS | B2: Expected returns | C2: St.Deviation | D2: Min Weight | E2: Max Weight | F2: weight | J2: ANTELOPUS | K2: ONGC | L2: HINDOILEXP
A3: ANTELOPUS | B3: 0.0024371922 | C3: 0.031773369 | D3: 0.02 | E3: 0.4 | F3: 0.4 | I3: ANTELOPUS | J3: =VARP([1]Sheet1!$F$3:$F$986) -> 0.001008521 | K3: 0.00018582472 | L3: 0.00032669343
A4: ONGC | B4: 0.0016580697 | C4: 0.021902873 | D4: 0.02 | E4: 0.4 | F4: 0.2 | I4: ONGC | J4: 0.00018582472 | K4: =VARP([1]Sheet1!$G$3:$G$986) -> 0.00047924829 | L4: 0.00025885668
A5: HINDOILEXP | B5: 0.0021712349 | C5: 0.033689403 | D5: 0.02 | E5: 0.4 | F5: 0.4 | I5: HINDOILEXP | J5: 0.00032669343 | K5: 0.00025885668 | L5: =VARP([1]Sheet1!$H$3:$H$986) -> 0.0011338224
A20: Risk Free rate | B20: =C20/365 -> 0.00019178082 | C20: 0.07
A21: Sharp Ratio | B21: =B22-B20/B23 -> -0.0060960736
A22: Expected returns | B22: =SUMPRODUCT(B3:B5,F3:F5) -> 0.0021749848 | C22: =B22*252 -> 0.54809616
A23: Risk (Portfolio) | B23: {=SQRT(MMULT(TRANSPOSE(F3:F5),MMULT(J3:L5,F3:F5)))} -> 0.023186975
A24: Total | B24: =SUM(F3:F17) -> 1

Sheet OIL MAX PROFIT
A2: ASSETS | B2: Expected returns | C2: St.Deviation | D2: Min Weight | E2: Max Weight | F2: weight | J2: ANTELOPUS | K2: ONGC | L2: HINDOILEXP
A3: TTKPRESTIG | B3: 0.00058635972 | C3: 0.021112772 | D3: 0.02 | E3: 0.4 | F3: 0.4 | I3: ANTELOPUS | J3: =VARP([1]Sheet1!$F$3:$F$986) -> 0.001008521 | K3: 0.00018582472 | L3: 0.00032669343
A4: VOLTAS | B4: 0.0010325124 | C4: 0.018865176 | D4: 0.02 | E4: 0.4 | F4: 0.4 | I4: ONGC | J4: 0.00018582472 | K4: =VARP([1]Sheet1!$G$3:$G$986) -> 0.00047924829 | L4: 0.00025885668
A5: WHR | B5: 0.00055660205 | C5: 0.022957518 | D5: 0.02 | E5: 0.4 | F5: 0.2 | I5: HINDOILEXP | J5: 0.00032669343 | K5: 0.00025885668 | L5: =VARP([1]Sheet1!$H$3:$H$986) -> 0.0011338224
A20: Risk Free rate | B20: =C20/365 -> 0.00019178082 | C20: 0.07
A21: Sharp Ratio | B21: =B22-B20/B23 -> -0.0084200007
A22: Expected returns | B22: =SUMPRODUCT(B3:B5,F3:F5) -> 0.00075886926 | C22: =B22*252 -> 0.19123505
A23: Risk (Portfolio) | B23: {=SQRT(MMULT(TRANSPOSE(F3:F5),MMULT(J3:L5,F3:F5)))} -> 0.020893729
A24: Total | B24: =SUM(F3:F17) -> 1

Sheet COMSUMER MAX PROFIT
A2: ASSETS | B2: Expected returns | C2: St.Deviation | D2: Min Weight | E2: Max Weight | F2: weight | J2: TTKPRESTIG | K2: VOLTAS | L2: WHR
A3: TTKPRESTIG | B3: 0.00058635972 | C3: 0.021112772 | D3: 0.02 | E3: 0.4 | F3: 0.4 | I3: TTKPRESTIG | J3: =VARP([1]Sheet1!$J$3:$J$986) -> 0.00044529613 | K3: 8.1027214e-05 | L3: -2.2564534e-06
A4: VOLTAS | B4: 0.0010325124 | C4: 0.018865176 | D4: 0.02 | E4: 0.4 | F4: 0.4 | I4: VOLTAS | J4: 8.1027214e-05 | K4: =VARP([1]Sheet1!$K$3:$K$986) -> 0.00035553317 | L4: -9.6193066e-06
A5: WHR | B5: 0.00055660205 | C5: 0.022957518 | D5: 0.02 | E5: 0.4 | F5: 0.2 | I5: WHR | J5: -2.2564534e-06 | K5: -9.6193066e-06 | L5: =VARP([1]Sheet1!$L$3:$L$986) -> 0.00052651201
A20: Risk Free rate | B20: =C20/365 -> 0.00019178082 | C20: 0.07
A21: Sharp Ratio | B21: =B22-B20/B23 -> -0.013812621
A22: Expected returns | B22: =SUMPRODUCT(B3:B5,F3:F5) -> 0.00075886926 | C22: =B22*252 -> 0.19123505
A23: Risk (Portfolio) | B23: {=SQRT(MMULT(TRANSPOSE(F3:F5),MMULT(J3:L5,F3:F5)))} -> 0.013161374
A24: Total | B24: =SUM(F3:F17) -> 1

Sheet CONSUMER SHARPE
A2: ASSETS | B2: Expected returns | C2: St.Deviation | D2: Min Weight | E2: Max Weight | F2: weight | J2: TTKPRESTIG | K2: VOLTAS | L2: WHR
A3: TTKPRESTIG | B3: 0.00058635972 | C3: 0.021112772 | D3: 0.02 | E3: 0.4 | F3: 0.4 | I3: TTKPRESTIG | J3: =VARP([1]Sheet1!$J$3:$J$986) -> 0.00044529613 | K3: 8.1027214e-05 | L3: -2.2564534e-06
A4: VOLTAS | B4: 0.0010325124 | C4: 0.018865176 | D4: 0.02 | E4: 0.4 | F4: 0.2 | I4: VOLTAS | J4: 8.1027214e-05 | K4: =VARP([1]Sheet1!$K$3:$K$986) -> 0.00035553317 | L4: -9.6193066e-06
A5: WHR | B5: 0.00055660205 | C5: 0.022957518 | D5: 0.02 | E5: 0.4 | F5: 0.4 | I5: WHR | J5: -2.2564534e-06 | K5: -9.6193066e-06 | L5: =VARP([1]Sheet1!$L$3:$L$986) -> 0.00052651201
A20: Risk Free rate | B20: =C20/365 -> 0.00019178082 | C20: 0.07
A21: Sharp Ratio | B21: =B22-B20/B23 -> -0.013614408
A22: Expected returns | B22: =SUMPRODUCT(B3:B5,F3:F5) -> 0.00066368719 | C22: =B22*252 -> 0.16724917
A23: Risk (Portfolio) | B23: {=SQRT(MMULT(TRANSPOSE(F3:F5),MMULT(J3:L5,F3:F5)))} -> 0.013431822
A24: Total | B24: =SUM(F3:F17) -> 1

Sheet CONSTRUCTION  MAX SHARP
A2: ASSETS | B2: Expected returns | C2: St.Deviation | D2: Min Weight | E2: Max Weight | F2: weight | I2: ` | J2: WELENT | K2: INDIANHUME | L2: JINDRILL
A3: WELENT | B3: 0.002491596 | C3: 0.029235778 | D3: 0.02 | E3: 0.4 | F3: 0.4 | I3: WELENT | J3: =VARP([2]Sheet1!$E$3:$E$986) -> 0.00085386206 | K3: 0.00025073953 | L3: 0.00016396351
A4: INDIANHUME | B4: 0.001152138 | C4: 0.028090107 | D4: 0.02 | E4: 0.4 | F4: 0.2 | I4: INDIANHUME | J4: 0.00025073953 | K4: =VARP([2]Sheet1!$F$3:$F$986) -> 0.00078825221 | L4: 0.00019236754
A5: JINDRILL | B5: 0.0032882935 | C5: 0.033464593 | D5: 0.02 | E5: 0.4 | F5: 0.4 | I5: JINDRILL | J5: 0.00016396351 | K5: 0.00019236754 | L5: =VARP([2]Sheet1!$G$3:$G$986) -> 0.0011187409
A20: Risk Free rate | B20: =C20/365 -> 0.00019178082 | C20: 0.07
A21: Sharp Ratio | B21: =B22-B20/B23 -> -0.0062989917
A22: Expected returns | B22: =SUMPRODUCT(B3:B5,F3:F5) -> 0.0025423834 | C22: =B22*252 -> 0.64068062
A23: Risk (Portfolio) | B23: {=SQRT(MMULT(TRANSPOSE(F3:F5),MMULT(J3:L5,F3:F5)))} -> 0.021691289
A24: Total | B24: =SUM(F3:F17) -> 1

Sheet CONSTRUCTION MAX PROFIT 
A2: ASSETS | B2: Expected returns | C2: St.Deviation | D2: Min Weight | E2: Max Weight | F2: weight | I2: ` | J2: WELENT | K2: INDIANHUME | L2: JINDRILL
A3: WELENT | B3: 0.002491596 | C3: 0.029235778 | D3: 0.02 | E3: 0.4 | F3: 0.4 | I3: WELENT | J3: =VARP([2]Sheet1!$E$3:$E$986) -> 0.00085386206 | K3: 0.00025073953 | L3: 0.00016396351
A4: INDIANHUME | B4: 0.001152138 | C4: 0.028090107 | D4: 0.02 | E4: 0.4 | F4: 0.2 | I4: INDIANHUME | J4: 0.00025073953 | K4: =VARP([2]Sheet1!$F$3:$F$986) -> 0.00078825221 | L4: 0.00019236754
A5: JINDRILL | B5: 0.0032882935 | C5: 0.033464593 | D5: 0.02 | E5: 0.4 | F5: 0.4 | I5: JINDRILL | J5: 0.00016396351 | K5: 0.00019236754 | L5: =VARP([2]Sheet1!$G$3:$G$986) -> 0.0011187409
A20: Risk Free rate | B20: =C20/365 -> 0.00019178082 | C20: 0.07
A21: Sharp Ratio | B21: =B22-B20/B23 -> -0.0062989917
A22: Expected returns | B22: =SUMPRODUCT(B3:B5,F3:F5) -> 0.0025423834 | C22: =B22*252 -> 0.64068062
A23: Risk (Portfolio) | B23: {=SQRT(MMULT(TRANSPOSE(F3:F5),MMULT(J3:L5,F3:F5)))} -> 0.021691289
A24: Total | B24: =SUM(F3:F17) -> 1

Sheet METALS MAX SHARP
A2: ASSETS | B2: Expected returns | C2: St.Deviation | D2: Min Weight | E2: Max Weight | F2: weight | J2: MAIT | K2: SAEM | L2: TISC
A3: MAIT | B3: 0.0014020999 | C3: 0.028322985 | D3: 0.02 | E3: 0.4 | F3: 0.4 | I3: MAIT | J3: =VARP([2]Sheet1!$A$3:$A$986) -> 0.00080137626 | K3: 0.0004149776 | L3: 0.00021838683
A4: SAEM | B4: 0.0034570086 | C4: 0.031763023 | D4: 0.02 | E4: 0.4 | F4: 0.4 | I4: SAEM | J4: 0.0004149776 | K4: =VARP([2]Sheet1!$B$3:$B$986) -> 0.0010078643 | L4: 0.00028912718
A5: TISC | B5: 0.0020401401 | C5: 0.022988461 | D5: 0.02 | E5: 0.4 | F5: 0.2 | I5: TISC | J5: 0.00021838683 | K5: 0.00028912718 | L5: =VARP([2]Sheet1!$C$3:$C$986) -> 0.00052793226
A20: Risk Free rate | B20: =C20/365 -> 0.00019178082 | C20: 0.07
A21: Sharp Ratio | B21: =B22-B20/B23 -> -0.0060215932
A22: Expected returns | B22: =SUMPRODUCT(B3:B5,F3:F5) -> 0.0023516714 | C22: =B22*252 -> 0.5926212
A23: Risk (Portfolio) | B23: {=SQRT(MMULT(TRANSPOSE(F3:F5),MMULT(J3:L5,F3:F5)))} -> 0.022903949
A24: Total | B24: =SUM(F3:F17) -> 1

Sheet METALS MAX PROFIT
A2: ASSETS | B2: Expected returns | C2: St.Deviation | D2: Min Weight | E2: Max Weight | F2: weight | J2: MAIT | K2: SAEM | L2: TISC
A3: MAIT | B3: 0.0014020999 | C3: 0.028322985 | D3: 0.02 | E3: 0.4 | F3: 0.2 | I3: MAIT | J3: =VARP([2]Sheet1!$A$3:$A$986) -> 0.00080137626 | K3: 0.0004149776 | L3: 0.00021838683
A4: SAEM | B4: 0.0034570086 | C4: 0.031763023 | D4: 0.02 | E4: 0.4 | F4: 0.4 | I4: SAEM | J4: 0.0004149776 | K4: =VARP([2]Sheet1!$B$3:$B$986) -> 0.0010078643 | L4: 0.00028912718
A5: TISC | B5: 0.0020401401 | C5: 0.022988461 | D5: 0.02 | E5: 0.4 | F5: 0.4 | I5: TISC | J5: 0.00021838683 | K5: 0.00028912718 | L5: =VARP([2]Sheet1!$C$3:$C$986) -> 0.00052793226
A20: Risk Free rate | B20: =C20/365 -> 0.00019178082 | C20: 0.07
A21: Sharp Ratio | B21: =B22-B20/B23 -> -0.0063515025
A22: Expected returns | B22: =SUMPRODUCT(B3:B5,F3:F5) -> 0.0024792795 | C22: =B22*252 -> 0.62477842
A23: Risk (Portfolio) | B23: {=SQRT(MMULT(TRANSPOSE(F3:F5),MMULT(J3:L5,F3:F5)))} -> 0.021717309
A24: Total | B24: =SUM(F3:F17) -> 1

Sheet BENCHMARKING
B3: Max Returns | E3: Max Sharpe | H3: NIFTY 50 | K3: Equal Weight
B4: Expected returns | C4: 0.0026340331 | E4: Expected returns | F4: 0.0023177535 | H4: Expected returns | I4: 0.001028328 | K4: Expected returns | L4: 0.001935029
B5: Risk (Portfolio) | C5: 0.016272745 | E5: Risk (Portfolio) | F5: 0.01986736 | H5: Risk (Portfolio) | I5: 0.010394669 | K5: Risk (Portfolio) | L5: 0.013643028
A8: TELECOM | B8: Expected returns | C8: 0.0022657877 | E8: Expected returns | F8: 0.0022061069
B9: Risk (Portfolio) | C9: 0.022692769 | E9: Risk (Portfolio) | F9: 0.026189343
A11: Oil and gas | B11: Expected returns | C11: 0.00075886926 | E11: Expected returns | F11: 0.0021749848
B12: Risk (Portfolio) | C12: 0.020893729 | E12: Risk (Portfolio) | F12: 0.023186975
A14: Consumer Electronics | B14: Expected returns | C14: 0.00075886926 | E14: Expected returns | F14: 0.00066368719
B15: Risk (Portfolio) | C15: 0.013161374 | E15: Risk (Portfolio) | F15: 0.013431822
A17: Metals | B17: Expected returns | C17: 0.0024792795 | E17: Expected returns | F17: 0.0023516714
B18: Risk (Portfolio) | C18: 0.021717309 | E18: Risk (Portfolio) | F18: 0.022903949
A20: Constructions | B20: Expected returns | C20: 0.0025423834 | E20: Expected returns | F20: 0.0025423834
B21: Risk (Portfolio) | C21: 0.021691289 | E21: Risk (Portfolio) | F21: 0.021691289

Sheet Nifty Data
A1: NIFTY Returns (Same period)
A2: -0.040004652 | I2: NIFTY Returns (Same period)
A3: -0.020596574
A4: 0.087632054 | I4: Mean | J4: 0.001028328
A5: -0.0049418803 | I5: Standard Error | J5: 0.00033103369
A6: 0.041508787 | I6: Median | J6: 0.0014399561
A7: -0.012955586 | I7: Mode | J7: #N/A
A8: -0.0076218749 | I8: Standard Deviation | J8: 0.010394669
A9: 0.007562771 | I9: Sample Variance | J9: 0.00010804914
A10: 0.030463259 | I10: Kurtosis | J10: 7.238983
A11: -0.00052877222 | I11: Skewness | J11: 0.12932468
A12: -0.030274729 | I12: Range | J12: 0.14507686
A13: 0.022919462 | I13: Minimum | J13: -0.057444802
A14: 0.013779892 | I14: Maximum | J14: 0.087632054
A15: -0.017124942 | I15: Sum | J15: 1.0139314
A16: 0.013971424
A17: 0.010622367
A18: 0.018383098
A19: 0.03208822
A20: -0.057444802
A21: -0.0094582235
A22: 0.0070935083
A23: -0.0077500566
A24: 0.0057016757
A25: -0.0013295141
A26: -0.0046162005
A27: 0.020333712
... A987: 0.0060509968

Sheet Max Sharpe
A2: ASSETS | B2: Expected returns | C2: St.Deviation | D2: Min Weight | E2: Max Weight | F2: weight | I2: TATA COMMUNICATION | J2: NELCO | K2: INDUSTOWER | L2: ANTELOPUS | M2: ONGC | N2: HINDOILEXP | O2: TTKPRESTIG | P2: VOLTAS | Q2: WHR | R2: MAIT | S2: SAEM | T2: TISC | U2: WELENT | V2: INDIANHUME | W2: JINDRILL
A3: TATA COMMUNICATION | B3: 0.0024448301 | C3: 0.02407353 | D3: 0.02 | E3: 0.2 | F3: 0.02 | I3: =VARP('RAW DATA'!$C$3:$C$986) -> 0.00057894588 | J3: 0.00016516084 | K3: 0.00016516084 | L3: 6.033018e-05 | M3: 4.9171217e-05 | N3: 9.7821865e-05 | O3: 5.3888251e-05 | P3: 7.646613e-05 | Q3: 4.8610567e-05 | R3: 8.7099744e-05 | S3: 9.5884466e-05 | T3: 0.00011382922 | U3: 0.00011734188 | V3: 0.00012768927 | W3: 3.8766489e-05
A4: NELCO | B4: 0.0021464261 | C4: 0.030885191 | D4: 0.02 | E4: 0.2 | F4: 0.2 | I4: 0.00016516084 | J4: =VARP('RAW DATA'!$D$3:$D$986) -> 0.00095292564 | K4: =VARP('RAW DATA'!$D$3:$D$986) -> 0.00095292564 | L4: 0.00095292564 | M4: 0.00015783596 | N4: 0.00010986807 | O4: 0.00015178595 | P4: 9.8095571e-05 | Q4: 0.00012733342 | R4: 7.0166837e-06 | S4: 0.0001738531 | T4: 0.00017761837 | U4: 0.00015858305 | V4: 0.00022453902 | W4: 0.00018890325
A5: INDUSTOWER | B5: 0.0021464261 | C5: 0.030885191 | D5: 0.02 | E5: 0.2 | F5: 0.2 | I5: 0.00016516084 | J5: 0.00095292564 | K5: =VARP('RAW DATA'!$E$3:$E$986) -> 0.00095292564 | L5: 0.00015783596 | M5: 0.00010986807 | N5: 0.00015178595 | O5: 9.8095571e-05 | P5: 0.00012733342 | Q5: 7.0166837e-06 | R5: 0.0001738531 | S5: 0.00017761837 | T5: 0.00015858305 | U5: 0.00018440729 | V5: 0.00022453902 | W5: 0.00018890325
A6: ANTELOPUS | B6: 0.0024371922 | C6: 0.031773369 | D6: 0.02 | E6: 0.2 | F6: 0.2 | I6: 6.033018e-05 | J6: 0.00015783596 | K6: 0.00015783596 | L6: =VARP('RAW DATA'!$G$3:$G$986) -> 0.001008521 | M6: 0.00018582472 | N6: 0.00032669343 | O6: 8.5836168e-05 | P6: 9.063212e-05 | Q6: -4.4489584e-06 | R6: 0.00015184175 | S6: 0.0001638687 | T6: 0.0001647564 | U6: 0.00018009502 | V6: 0.00023004539 | W6: 0.00031196846
A7: ONGC | B7: 0.0016580697 | C7: 0.021902873 | D7: 0.02 | E7: 0.2 | F7: 0.02 | I7: 4.9171217e-05 | J7: 0.00010986807 | K7: 0.00010986807 | L7: 0.00018582472 | M7: =VARP('RAW DATA'!$H$3:$H$986) -> 0.00047924829 | N7: 0.00025885668 | O7: 3.8360331e-05 | P7: 5.6361061e-05 | Q7: -3.3865738e-05 | R7: 0.00013018736 | S7: 0.00018136512 | T7: 0.00016663198 | U7: 7.5373753e-05 | V7: 8.2277988e-05 | W7: 0.00016921791
A8: HINDOILEXP | B8: 0.0021712349 | C8: 0.033689403 | D8: 0.02 | E8: 0.2 | F8: 0.02 | I8: 9.7821865e-05 | J8: 0.00015178595 | K8: 0.00015178595 | L8: 0.00032669343 | M8: 0.00025885668 | N8: =VARP('RAW DATA'!$I$3:$I$986) -> 0.0011338224 | O8: 5.7626895e-05 | P8: 8.8228269e-05 | Q8: -3.260968e-05 | R8: 0.00024186144 | S8: 0.00028683705 | T8: 0.00020895332 | U8: 0.00016570475 | V8: 0.0001796993 | W8: 0.00034262221
A9: TTKPRESTIG | B9: 0.00058635972 | C9: 0.021112772 | D9: 0.02 | E9: 0.2 | F9: 0.02 | I9: 5.3888251e-05 | J9: 9.8095571e-05 | K9: 9.8095571e-05 | L9: 8.5836168e-05 | M9: 3.8360331e-05 | N9: 5.7626895e-05 | O9: =VARP('RAW DATA'!$K$3:$K$986) -> 0.00044529613 | P9: 8.1027214e-05 | Q9: -2.2564534e-06 | R9: 8.2782905e-05 | S9: 6.7750345e-05 | T9: 8.8808049e-05 | U9: 8.8092999e-05 | V9: 0.00010686065 | W9: 6.9422198e-05
A10: VOLTAS | B10: 0.0010325124 | C10: 0.018865176 | D10: 0.02 | E10: 0.2 | F10: 0.02 | I10: 7.646613e-05 | J10: 0.00012733342 | K10: 0.00012733342 | L10: 9.063212e-05 | M10: 5.6361061e-05 | N10: 8.8228269e-05 | O10: 8.1027214e-05 | P10: =VARP('RAW DATA'!$L$3:$L$986) -> 0.00035553317 | Q10: -9.6193066e-06 | R10: 8.4112128e-05 | S10: 9.1672711e-05 | T10: 0.00015743805 | U10: 0.00014422675 | V10: 0.00012794165 | W10: 7.6721487e-05
A11: WHR | B11: 0.00055660205 | C11: 0.022957518 | D11: 0.02 | E11: 0.2 | F11: 0.02 | I11: 4.8610567e-05 | J11: 7.0166837e-06 | K11: 7.0166837e-06 | L11: -4.4489584e-06 | M11: -3.3865738e-05 | N11: -3.260968e-05 | O11: -2.2564534e-06 | P11: -9.6193066e-06 | Q11: =VARP('RAW DATA'!$M$3:$M$986) -> 0.00052651201 | R11: 2.4947342e-05 | S11: -7.3582395e-06 | T11: -4.5296734e-06 | U11: -2.6312249e-05 | V11: 1.7128122e-05 | W11: 6.81264e-06
A12: MAIT | B12: 0.0014020999 | C12: 0.028322985 | D12: 0.02 | E12: 0.2 | F12: 0.02 | I12: 8.7099744e-05 | J12: 0.0001738531 | K12: 0.0001738531 | L12: 0.00015184175 | M12: 0.00013018736 | N12: 0.00024186144 | O12: 8.2782905e-05 | P12: 8.4112128e-05 | Q12: 2.4947342e-05 | R12: =VARP('RAW DATA'!$O$3:$O$986) -> 0.00080137626 | S12: 0.0004149776 | T12: 0.00021838683 | U12: 0.0001234894 | V12: 0.00016137007 | W12: 0.00027047275
A13: SAEM | B13: 0.0034570086 | C13: 0.031763023 | D13: 0.02 | E13: 0.2 | F13: 0.02 | I13: 9.5884466e-05 | J13: 0.00017761837 | K13: 0.00017761837 | L13: 0.0001638687 | M13: 0.00018136512 | N13: 0.00028683705 | O13: 6.7750345e-05 | P13: 9.1672711e-05 | Q13: -7.3582395e-06 | R13: 0.0004149776 | S13: =VARP('RAW DATA'!$P$3:$P$986) -> 0.0010078643 | T13: 0.00028912718 | U13: 0.00014805342 | V13: 0.00017542147 | W13: 0.00028371576
A14: TISC | B14: 0.0020401401 | C14: 0.022988461 | D14: 0.02 | E14: 0.2 | F14: 0.02 | I14: 0.00011382922 | J14: 0.00015858305 | K14: 0.00015858305 | L14: 0.0001647564 | M14: 0.00016663198 | N14: 0.00020895332 | O14: 8.8808049e-05 | P14: 0.00015743805 | Q14: -4.5296734e-06 | R14: 0.00021838683 | S14: 0.00028912718 | T14: =VARP('RAW DATA'!$Q$3:$Q$986) -> 0.00052793226 | U14: 0.00017216876 | V14: 0.00016815136 | W14: 0.00015010744
A15: WELENT | B15: 0.002491596 | C15: 0.029235778 | D15: 0.02 | E15: 0.2 | F15: 0.02 | I15: 0.00011734188 | J15: 0.00018440729 | K15: 0.00018440729 | L15: 0.00018009502 | M15: 7.5373753e-05 | N15: 0.00016570475 | O15: 8.8092999e-05 | P15: 0.00014422675 | Q15: -2.6312249e-05 | R15: 0.0001234894 | S15: 0.00014805342 | T15: 0.00017216876 | U15: =VARP('RAW DATA'!$S$3:$S$986) -> 0.00085386206 | V15: 0.00025073953 | W15: 0.00016396351
A16: INDIANHUME | B16: 0.001152138 | C16: 0.028090107 | D16: 0.02 | E16: 0.2 | F16: 0.02 | I16: 0.00012768927 | J16: 0.00022453902 | K16: 0.00022453902 | L16: 0.00023004539 | M16: 8.2277988e-05 | N16: 0.0001796993 | O16: 0.00010686065 | P16: 0.00012794165 | Q16: 1.7128122e-05 | R16: 0.00016137007 | S16: 0.00017542147 | T16: 0.00016815136 | U16: 0.00025073953 | V16: =VARP('RAW DATA'!$T$3:$T$986) -> 0.00078825221 | W16: 0.00019236754
A17: JINDRILL | B17: 0.0032882935 | C17: 0.033464593 | D17: 0.02 | E17: 0.2 | F17: 0.18 | I17: 3.8766489e-05 | J17: 0.00018890325 | K17: 0.00018890325 | L17: 0.00031196846 | M17: 0.00016921791 | N17: 0.00034262221 | O17: 6.9422198e-05 | P17: 7.6721487e-05 | Q17: 6.81264e-06 | R17: 0.00027047275 | S17: 0.00028371576 | T17: 0.00015010744 | U17: 0.00016396351 | V17: 0.00019236754 | W17: =VARP('RAW DATA'!$U$3:$U$986) -> 0.0011187409
A20: Risk Free rate | B20: =C20/365 -> 0.00019178082 | C20: 0.07
A21: Sharp Ratio | B21: =B22-B20/B23 -> -0.0073353065
A22: Expected returns | B22: =SUMPRODUCT(B3:B17,F3:F17) -> 0.0023177535 | C22: =B22*252 -> 0.58407389
A23: Risk (Portfolio) | B23: {=SQRT(MMULT(TRANSPOSE(F3:F17),MMULT(I3:W17,F3:F17)))} -> 0.01986736
A24: Total | B24: =SUM(F3:F17) -> 1

Sheet Equal weight
A2: ASSETS | B2: Expected returns | C2: St.Deviation | D2: Min Weight | E2: Max Weight | F2: weight | I2: TATA COMMUNICATION | J2: NELCO | K2: INDUSTOWER | L2: ANTELOPUS | M2: ONGC | N2: HINDOILEXP | O2: TTKPRESTIG | P2: VOLTAS | Q2: WHR | R2: MAIT | S2: SAEM | T2: TISC | U2: WELENT | V2: INDIANHUME | W2: JINDRILL
A3: TATA COMMUNICATION | B3: 0.0024448301 | C3: 0.02407353 | D3: 0.02 | E3: 0.2 | F3: 0.0667 | I3: =VARP('RAW DATA'!$C$3:$C$986) -> 0.00057894588 | J3: 0.00016516084 | K3: 0.00016516084 | L3: 6.033018e-05 | M3: 4.9171217e-05 | N3: 9.7821865e-05 | O3: 5.3888251e-05 | P3: 7.646613e-05 | Q3: 4.8610567e-05 | R3: 8.7099744e-05 | S3: 9.5884466e-05 | T3: 0.00011382922 | U3: 0.00011734188 | V3: 0.00012768927 | W3: 3.8766489e-05
A4: NELCO | B4: 0.0021464261 | C4: 0.030885191 | D4: 0.02 | E4: 0.2 | F4: 0.0667 | I4: 0.00016516084 | J4: =VARP('RAW DATA'!$D$3:$D$986) -> 0.00095292564 | K4: =VARP('RAW DATA'!$D$3:$D$986) -> 0.00095292564 | L4: 0.00095292564 | M4: 0.00015783596 | N4: 0.00010986807 | O4: 0.00015178595 | P4: 9.8095571e-05 | Q4: 0.00012733342 | R4: 7.0166837e-06 | S4: 0.0001738531 | T4: 0.00017761837 | U4: 0.00015858305 | V4: 0.00022453902 | W4: 0.00018890325
A5: INDUSTOWER | B5: 0.0021464261 | C5: 0.030885191 | D5: 0.02 | E5: 0.2 | F5: 0.0667 | I5: 0.00016516084 | J5: 0.00095292564 | K5: =VARP('RAW DATA'!$E$3:$E$986) -> 0.00095292564 | L5: 0.00015783596 | M5: 0.00010986807 | N5: 0.00015178595 | O5: 9.8095571e-05 | P5: 0.00012733342 | Q5: 7.0166837e-06 | R5: 0.0001738531 | S5: 0.00017761837 | T5: 0.00015858305 | U5: 0.00018440729 | V5: 0.00022453902 | W5: 0.00018890325
A6: ANTELOPUS | B6: 0.0024371922 | C6: 0.031773369 | D6: 0.02 | E6: 0.2 | F6: 0.0667 | I6: 6.033018e-05 | J6: 0.00015783596 | K6: 0.00015783596 | L6: =VARP('RAW DATA'!$G$3:$G$986) -> 0.001008521 | M6: 0.00018582472 | N6: 0.00032669343 | O6: 8.5836168e-05 | P6: 9.063212e-05 | Q6: -4.4489584e-06 | R6: 0.00015184175 | S6: 0.0001638687 | T6: 0.0001647564 | U6: 0.00018009502 | V6: 0.00023004539 | W6: 0.00031196846
A7: ONGC | B7: 0.0016580697 | C7: 0.021902873 | D7: 0.02 | E7: 0.2 | F7: 0.0667 | I7: 4.9171217e-05 | J7: 0.00010986807 | K7: 0.00010986807 | L7: 0.00018582472 | M7: =VARP('RAW DATA'!$H$3:$H$986) -> 0.00047924829 | N7: 0.00025885668 | O7: 3.8360331e-05 | P7: 5.6361061e-05 | Q7: -3.3865738e-05 | R7: 0.00013018736 | S7: 0.00018136512 | T7: 0.00016663198 | U7: 7.5373753e-05 | V7: 8.2277988e-05 | W7: 0.00016921791
A8: HINDOILEXP | B8: 0.0021712349 | C8: 0.033689403 | D8: 0.02 | E8: 0.2 | F8: 0.0667 | I8: 9.7821865e-05 | J8: 0.00015178595 | K8: 0.00015178595 | L8: 0.00032669343 | M8: 0.00025885668 | N8: =VARP('RAW DATA'!$I$3:$I$986) -> 0.0011338224 | O8: 5.7626895e-05 | P8: 8.8228269e-05 | Q8: -3.260968e-05 | R8: 0.00024186144 | S8: 0.00028683705 | T8: 0.00020895332 | U8: 0.00016570475 | V8: 0.0001796993 | W8: 0.00034262221
A9: TTKPRESTIG | B9: 0.00058635972 | C9: 0.021112772 | D9: 0.02 | E9: 0.2 | F9: 0.0667 | I9: 5.3888251e-05 | J9: 9.8095571e-05 | K9: 9.8095571e-05 | L9: 8.5836168e-05 | M9: 3.8360331e-05 | N9: 5.7626895e-05 | O9: =VARP('RAW DATA'!$K$3:$K$986) -> 0.00044529613 | P9: 8.1027214e-05 | Q9: -2.2564534e-06 | R9: 8.2782905e-05 | S9: 6.7750345e-05 | T9: 8.8808049e-05 | U9: 8.8092999e-05 | V9: 0.00010686065 | W9: 6.9422198e-05
A10: VOLTAS | B10: 0.0010325124 | C10: 0.018865176 | D10: 0.02 | E10: 0.2 | F10: 0.0667 | I10: 7.646613e-05 | J10: 0.00012733342 | K10: 0.00012733342 | L10: 9.063212e-05 | M10: 5.6361061e-05 | N10: 8.8228269e-05 | O10: 8.1027214e-05 | P10: =VARP('RAW DATA'!$L$3:$L$986) -> 0.00035553317 | Q10: -9.6193066e-06 | R10: 8.4112128e-05 | S10: 9.1672711e-05 | T10: 0.00015743805 | U10: 0.00014422675 | V10: 0.00012794165 | W10: 7.6721487e-05
A11: WHR | B11: 0.00055660205 | C11: 0.022957518 | D11: 0.02 | E11: 0.2 | F11: 0.0667 | I11: 4.8610567e-05 | J11: 7.0166837e-06 | K11: 7.0166837e-06 | L11: -4.4489584e-06 | M11: -3.3865738e-05 | N11: -3.260968e-05 | O11: -2.2564534e-06 | P11: -9.6193066e-06 | Q11: =VARP('RAW DATA'!$M$3:$M$986) -> 0.00052651201 | R11: 2.4947342e-05 | S11: -7.3582395e-06 | T11: -4.5296734e-06 | U11: -2.6312249e-05 | V11: 1.7128122e-05 | W11: 6.81264e-06
A12: MAIT | B12: 0.0014020999 | C12: 0.028322985 | D12: 0.02 | E12: 0.2 | F12: 0.0667 | I12: 8.7099744e-05 | J12: 0.0001738531 | K12: 0.0001738531 | L12: 0.00015184175 | M12: 0.00013018736 | N12: 0.00024186144 | O12: 8.2782905e-05 | P12: 8.4112128e-05 | Q12: 2.4947342e-05 | R12: =VARP('RAW DATA'!$O$3:$O$986) -> 0.00080137626 | S12: 0.0004149776 | T12: 0.00021838683 | U12: 0.0001234894 | V12: 0.00016137007 | W12: 0.00027047275
A13: SAEM | B13: 0.0034570086 | C13: 0.031763023 | D13: 0.02 | E13: 0.2 | F13: 0.0667 | I13: 9.5884466e-05 | J13: 0.00017761837 | K13: 0.00017761837 | L13: 0.0001638687 | M13: 0.00018136512 | N13: 0.00028683705 | O13: 6.7750345e-05 | P13: 9.1672711e-05 | Q13: -7.3582395e-06 | R13: 0.0004149776 | S13: =VARP('RAW DATA'!$P$3:$P$986) -> 0.0010078643 | T13: 0.00028912718 | U13: 0.00014805342 | V13: 0.00017542147 | W13: 0.00028371576
A14: TISC | B14: 0.0020401401 | C14: 0.022988461 | D14: 0.02 | E14: 0.2 | F14: 0.0667 | I14: 0.00011382922 | J14: 0.00015858305 | K14: 0.00015858305 | L14: 0.0001647564 | M14: 0.00016663198 | N14: 0.00020895332 | O14: 8.8808049e-05 | P14: 0.00015743805 | Q14: -4.5296734e-06 | R14: 0.00021838683 | S14: 0.00028912718 | T14: =VARP('RAW DATA'!$Q$3:$Q$986) -> 0.00052793226 | U14: 0.00017216876 | V14: 0.00016815136 | W14: 0.00015010744
A15: WELENT | B15: 0.002491596 | C15: 0.029235778 | D15: 0.02 | E15: 0.2 | F15: 0.0667 | I15: 0.00011734188 | J15: 0.00018440729 | K15: 0.00018440729 | L15: 0.00018009502 | M15: 7.5373753e-05 | N15: 0.00016570475 | O15: 8.8092999e-05 | P15: 0.00014422675 | Q15: -2.6312249e-05 | R15: 0.0001234894 | S15: 0.00014805342 | T15: 0.00017216876 | U15: =VARP('RAW DATA'!$S$3:$S$986) -> 0.00085386206 | V15: 0.00025073953 | W15: 0.00016396351
A16: INDIANHUME | B16: 0.001152138 | C16: 0.028090107 | D16: 0.02 | E16: 0.2 | F16: 0.0667 | I16: 0.00012768927 | J16: 0.00022453902 | K16: 0.00022453902 | L16: 0.00023004539 | M16: 8.2277988e-05 | N16: 0.0001796993 | O16: 0.00010686065 | P16: 0.00012794165 | Q16: 1.7128122e-05 | R16: 0.00016137007 | S16: 0.00017542147 | T16: 0.00016815136 | U16: 0.00025073953 | V16: =VARP('RAW DATA'!$T$3:$T$986) -> 0.00078825221 | W16: 0.00019236754
A17: JINDRILL | B17: 0.0032882935 | C17: 0.033464593 | D17: 0.02 | E17: 0.2 | F17: 0.0667 | I17: 3.8766489e-05 | J17: 0.00018890325 | K17: 0.00018890325 | L17: 0.00031196846 | M17: 0.00016921791 | N17: 0.00034262221 | O17: 6.9422198e-05 | P17: 7.6721487e-05 | Q17: 6.81264e-06 | R17: 0.00027047275 | S17: 0.00028371576 | T17: 0.00015010744 | U17: 0.00016396351 | V17: 0.00019236754 | W17: =VARP('RAW DATA'!$U$3:$U$986) -> 0.0011187409
A20: Risk Free rate | B20: =C20/365 -> 0.00019178082 | C20: 0.07
A21: Sharp Ratio | B21: =B22-B20/B23 -> -0.012122028
A22: Expected returns | B22: =SUMPRODUCT(B3:B17,F3:F17) -> 0.001935029 | C22: =B22*252 -> 0.48762731
A23: Risk (Portfolio) | B23: {=SQRT(MMULT(TRANSPOSE(F3:F17),MMULT(I3:W17,F3:F17)))} -> 0.013643028
A24: Total | B24: =SUM(F3:F17) -> 1.0005

Sheet Max returns
A2: ASSETS | B2: Expected returns | C2: St.Deviation | D2: Min Weight | E2: Max Weight | F2: weight | I2: TATA COMMUNICATION | J2: NELCO | K2: INDUSTOWER | L2: ANTELOPUS | M2: ONGC | N2: HINDOILEXP | O2: TTKPRESTIG | P2: VOLTAS | Q2: WHR | R2: MAIT | S2: SAEM | T2: TISC | U2: WELENT | V2: INDIANHUME | W2: JINDRILL
A3: TATA COMMUNICATION | B3: 0.0024448301 | C3: 0.02407353 | D3: 0.02 | E3: 0.2 | F3: 0.18000001 | I3: =VARP('RAW DATA'!$C$3:$C$986) -> 0.00057894588 | J3: 0.00016516084 | K3: 0.00016516084 | L3: 6.033018e-05 | M3: 4.9171217e-05 | N3: 9.7821865e-05 | O3: 5.3888251e-05 | P3: 7.646613e-05 | Q3: 4.8610567e-05 | R3: 8.7099744e-05 | S3: 9.5884466e-05 | T3: 0.00011382922 | U3: 0.00011734188 | V3: 0.00012768927 | W3: 3.8766489e-05
A4: NELCO | B4: 0.0021464261 | C4: 0.030885191 | D4: 0.02 | E4: 0.2 | F4: 0.02 | I4: 0.00016516084 | J4: =VARP('RAW DATA'!$D$3:$D$986) -> 0.00095292564 | K4: =VARP('RAW DATA'!$D$3:$D$986) -> 0.00095292564 | L4: 0.00095292564 | M4: 0.00015783596 | N4: 0.00010986807 | O4: 0.00015178595 | P4: 9.8095571e-05 | Q4: 0.00012733342 | R4: 7.0166837e-06 | S4: 0.0001738531 | T4: 0.00017761837 | U4: 0.00015858305 | V4: 0.00022453902 | W4: 0.00018890325
A5: INDUSTOWER | B5: 0.0021464261 | C5: 0.030885191 | D5: 0.02 | E5: 0.2 | F5: 0.02 | I5: 0.00016516084 | J5: 0.00095292564 | K5: =VARP('RAW DATA'!$E$3:$E$986) -> 0.00095292564 | L5: 0.00015783596 | M5: 0.00010986807 | N5: 0.00015178595 | O5: 9.8095571e-05 | P5: 0.00012733342 | Q5: 7.0166837e-06 | R5: 0.0001738531 | S5: 0.00017761837 | T5: 0.00015858305 | U5: 0.00018440729 | V5: 0.00022453902 | W5: 0.00018890325
A6: ANTELOPUS | B6: 0.0024371922 | C6: 0.031773369 | D6: 0.02 | E6: 0.2 | F6: 0.02 | I6: 6.033018e-05 | J6: 0.00015783596 | K6: 0.00015783596 | L6: =VARP('RAW DATA'!$G$3:$G$986) -> 0.001008521 | M6: 0.00018582472 | N6: 0.00032669343 | O6: 8.5836168e-05 | P6: 9.063212e-05 | Q6: -4.4489584e-06 | R6: 0.00015184175 | S6: 0.0001638687 | T6: 0.0001647564 | U6: 0.00018009502 | V6: 0.00023004539 | W6: 0.00031196846
A7: ONGC | B7: 0.0016580697 | C7: 0.021902873 | D7: 0.02 | E7: 0.2 | F7: 0.02 | I7: 4.9171217e-05 | J7: 0.00010986807 | K7: 0.00010986807 | L7: 0.00018582472 | M7: =VARP('RAW DATA'!$H$3:$H$986) -> 0.00047924829 | N7: 0.00025885668 | O7: 3.8360331e-05 | P7: 5.6361061e-05 | Q7: -3.3865738e-05 | R7: 0.00013018736 | S7: 0.00018136512 | T7: 0.00016663198 | U7: 7.5373753e-05 | V7: 8.2277988e-05 | W7: 0.00016921791
A8: HINDOILEXP | B8: 0.0021712349 | C8: 0.033689403 | D8: 0.02 | E8: 0.2 | F8: 0.02 | I8: 9.7821865e-05 | J8: 0.00015178595 | K8: 0.00015178595 | L8: 0.00032669343 | M8: 0.00025885668 | N8: =VARP('RAW DATA'!$I$3:$I$986) -> 0.0011338224 | O8: 5.7626895e-05 | P8: 8.8228269e-05 | Q8: -3.260968e-05 | R8: 0.00024186144 | S8: 0.00028683705 | T8: 0.00020895332 | U8: 0.00016570475 | V8: 0.0001796993 | W8: 0.00034262221
A9: TTKPRESTIG | B9: 0.00058635972 | C9: 0.021112772 | D9: 0.02 | E9: 0.2 | F9: 0.02 | I9: 5.3888251e-05 | J9: 9.8095571e-05 | K9: 9.8095571e-05 | L9: 8.5836168e-05 | M9: 3.8360331e-05 | N9: 5.7626895e-05 | O9: =VARP('RAW DATA'!$K$3:$K$986) -> 0.00044529613 | P9: 8.1027214e-05 | Q9: -2.2564534e-06 | R9: 8.2782905e-05 | S9: 6.7750345e-05 | T9: 8.8808049e-05 | U9: 8.8092999e-05 | V9: 0.00010686065 | W9: 6.9422198e-05
A10: VOLTAS | B10: 0.0010325124 | C10: 0.018865176 | D10: 0.02 | E10: 0.2 | F10: 0.02 | I10: 7.646613e-05 | J10: 0.00012733342 | K10: 0.00012733342 | L10: 9.063212e-05 | M10: 5.6361061e-05 | N10: 8.8228269e-05 | O10: 8.1027214e-05 | P10: =VARP('RAW DATA'!$L$3:$L$986) -> 0.00035553317 | Q10: -9.6193066e-06 | R10: 8.4112128e-05 | S10: 9.1672711e-05 | T10: 0.00015743805 | U10: 0.00014422675 | V10: 0.00012794165 | W10: 7.6721487e-05
A11: WHR | B11: 0.00055660205 | C11: 0.022957518 | D11: 0.02 | E11: 0.2 | F11: 0.02 | I11: 4.8610567e-05 | J11: 7.0166837e-06 | K11: 7.0166837e-06 | L11: -4.4489584e-06 | M11: -3.3865738e-05 | N11: -3.260968e-05 | O11: -2.2564534e-06 | P11: -9.6193066e-06 | Q11: =VARP('RAW DATA'!$M$3:$M$986) -> 0.00052651201 | R11: 2.4947342e-05 | S11: -7.3582395e-06 | T11: -4.5296734e-06 | U11: -2.6312249e-05 | V11: 1.7128122e-05 | W11: 6.81264e-06
A12: MAIT | B12: 0.0014020999 | C12: 0.028322985 | D12: 0.02 | E12: 0.2 | F12: 0.02 | I12: 8.7099744e-05 | J12: 0.0001738531 | K12: 0.0001738531 | L12: 0.00015184175 | M12: 0.00013018736 | N12: 0.00024186144 | O12: 8.2782905e-05 | P12: 8.4112128e-05 | Q12: 2.4947342e-05 | R12: =VARP('RAW DATA'!$O$3:$O$986) -> 0.00080137626 | S12: 0.0004149776 | T12: 0.00021838683 | U12: 0.0001234894 | V12: 0.00016137007 | W12: 0.00027047275
A13: SAEM | B13: 0.0034570086 | C13: 0.031763023 | D13: 0.02 | E13: 0.2 | F13: 0.2 | I13: 9.5884466e-05 | J13: 0.00017761837 | K13: 0.00017761837 | L13: 0.0001638687 | M13: 0.00018136512 | N13: 0.00028683705 | O13: 6.7750345e-05 | P13: 9.1672711e-05 | Q13: -7.3582395e-06 | R13: 0.0004149776 | S13: =VARP('RAW DATA'!$P$3:$P$986) -> 0.0010078643 | T13: 0.00028912718 | U13: 0.00014805342 | V13: 0.00017542147 | W13: 0.00028371576
A14: TISC | B14: 0.0020401401 | C14: 0.022988461 | D14: 0.02 | E14: 0.2 | F14: 0.02 | I14: 0.00011382922 | J14: 0.00015858305 | K14: 0.00015858305 | L14: 0.0001647564 | M14: 0.00016663198 | N14: 0.00020895332 | O14: 8.8808049e-05 | P14: 0.00015743805 | Q14: -4.5296734e-06 | R14: 0.00021838683 | S14: 0.00028912718 | T14: =VARP('RAW DATA'!$Q$3:$Q$986) -> 0.00052793226 | U14: 0.00017216876 | V14: 0.00016815136 | W14: 0.00015010744
A15: WELENT | B15: 0.002491596 | C15: 0.029235778 | D15: 0.02 | E15: 0.2 | F15: 0.2 | I15: 0.00011734188 | J15: 0.00018440729 | K15: 0.00018440729 | L15: 0.00018009502 | M15: 7.5373753e-05 | N15: 0.00016570475 | O15: 8.8092999e-05 | P15: 0.00014422675 | Q15: -2.6312249e-05 | R15: 0.0001234894 | S15: 0.00014805342 | T15: 0.00017216876 | U15: =VARP('RAW DATA'!$S$3:$S$986) -> 0.00085386206 | V15: 0.00025073953 | W15: 0.00016396351
A16: INDIANHUME | B16: 0.001152138 | C16: 0.028090107 | D16: 0.02 | E16: 0.2 | F16: 0.02 | I16: 0.00012768927 | J16: 0.00022453902 | K16: 0.00022453902 | L16: 0.00023004539 | M16: 8.2277988e-05 | N16: 0.0001796993 | O16: 0.00010686065 | P16: 0.00012794165 | Q16: 1.7128122e-05 | R16: 0.00016137007 | S16: 0.00017542147 | T16: 0.00016815136 | U16: 0.00025073953 | V16: =VARP('RAW DATA'!$T$3:$T$986) -> 0.00078825221 | W16: 0.00019236754
A17: JINDRILL | B17: 0.0032882935 | C17: 0.033464593 | D17: 0.02 | E17: 0.2 | F17: 0.2 | I17: 3.8766489e-05 | J17: 0.00018890325 | K17: 0.00018890325 | L17: 0.00031196846 | M17: 0.00016921791 | N17: 0.00034262221 | O17: 6.9422198e-05 | P17: 7.6721487e-05 | Q17: 6.81264e-06 | R17: 0.00027047275 | S17: 0.00028371576 | T17: 0.00015010744 | U17: 0.00016396351 | V17: 0.00019236754 | W17: =VARP('RAW DATA'!$U$3:$U$986) -> 0.0011187409
A20: Risk Free rate | B20: =C20/365 -> 0.00019178082 | C20: 0.07
A21: Sharp Ratio | B21: =B22-B20/B23 -> -0.0091513677
A22: Expected returns | B22: =SUMPRODUCT(B3:B17,F3:F17) -> 0.0026340331 | C22: =B22*252 -> 0.66377634
A23: Risk (Portfolio) | B23: {=SQRT(MMULT(TRANSPOSE(F3:F17),MMULT(I3:W17,F3:F17)))} -> 0.016272745
A24: Total | B24: =SUM(F3:F17) -> 1

Sheet TEST (Annual)
A1: TATA COMMUNICATION | C1: NELCO | E1: INDUSTOWER | G1: ANTELOPUS | I1: ONGC | K1: HINDOILEXP | M1: TTKPRESTIG | O1: VOLTAS | Q1: WHR | S1: MAIT | U1: SAEM | W1: TISC | Y1: WELENT | AA1: INDIANHUME | AC1: JINDRILL
A3: Mean | B3: 0.0024448301 | C3: Mean | D3: 0.0021464261 | E3: Mean | F3: 0.0021464261 | G3: Mean | H3: 0.0024371922 | I3: Mean | J3: 0.0016580697 | K3: Mean | L3: 0.0021712349 | M3: Mean | N3: 0.00058635972 | O3: Mean | P3: 0.0010325124 | Q3: Mean | R3: 0.00055660205 | S3: Mean | T3: 0.0014020999 | U3: Mean | V3: 0.0034570086 | W3: Mean | X3: 0.0020401401 | Y3: Mean | Z3: 0.002491596 | AA3: Mean | AB3: 0.001152138 | AC3: Mean | AD3: 0.0032882935
A4: Standard Error | B4: 0.0007674361 | C4: Standard Error | D4: 0.00098458394 | E4: Standard Error | F4: 0.00098458394 | G4: Standard Error | H4: 0.001012898 | I4: Standard Error | J4: 0.00069823807 | K4: Standard Error | L4: 0.0010739789 | M4: Standard Error | N4: 0.00067305057 | O4: Standard Error | P4: 0.00060139983 | Q4: Standard Error | R4: 0.00073185894 | S4: Standard Error | T4: 0.00090290379 | U4: Standard Error | V4: 0.0010125682 | W4: Standard Error | X4: 0.00073284536 | Y4: Standard Error | Z4: 0.00093200255 | AA4: Standard Error | AB4: 0.00089547989 | AC4: Standard Error | AD4: 0.0010668123
A5: Median | B5: -0.00041537817 | C5: Median | D5: -0.0030028233 | E5: Median | F5: -0.0030028233 | G5: Median | H5: -9.3023256e-05 | I5: Median | J5: 0.0015412748 | K5: Median | L5: -0.0011746607 | M5: Median | N5: -0.0016129684 | O5: Median | P5: 0.00041895279 | Q5: Median | R5: 0.0011716787 | S5: Median | T5: -0.0012692426 | U5: Median | V5: 0.0018049955 | W5: Median | X5: 0.001913136 | Y5: Median | Z5: 0.00075689387 | AA5: Median | AB5: -0.0015170207 | AC5: Median | AD5: -0.00054014432
A6: Mode | B6: 0 | C6: Mode | D6: 0 | E6: Mode | F6: 0 | G6: Mode | H6: 0 | I6: Mode | J6: 0 | K6: Mode | L6: 0 | M6: Mode | N6: #N/A | O6: Mode | P6: 0 | Q6: Mode | R6: #N/A | S6: Mode | T6: #N/A | U6: Mode | V6: 0 | W6: Mode | X6: 0 | Y6: Mode | Z6: 0 | AA6: Mode | AB6: 0 | AC6: Mode | AD6: 0
A7: Standard Deviation | B7: 0.02407353 | C7: Standard Deviation | D7: 0.030885191 | E7: Standard Deviation | F7: 0.030885191 | G7: Standard Deviation | H7: 0.031773369 | I7: Standard Deviation | J7: 0.021902873 | K7: Standard Deviation | L7: 0.033689403 | M7: Standard Deviation | N7: 0.021112772 | O7: Standard Deviation | P7: 0.018865176 | Q7: Standard Deviation | R7: 0.022957518 | S7: Standard Deviation | T7: 0.028322985 | U7: Standard Deviation | V7: 0.031763023 | W7: Standard Deviation | X7: 0.022988461 | Y7: Standard Deviation | Z7: 0.029235778 | AA7: Standard Deviation | AB7: 0.028090107 | AC7: Standard Deviation | AD7: 0.033464593
A8: Sample Variance | B8: 0.00057953483 | C8: Sample Variance | D8: 0.00095389504 | E8: Sample Variance | F8: 0.00095389504 | G8: Sample Variance | H8: 0.001009547 | I8: Sample Variance | J8: 0.00047973582 | K8: Sample Variance | L8: 0.0011349759 | M8: Sample Variance | N8: 0.00044574912 | O8: Sample Variance | P8: 0.00035589485 | Q8: Sample Variance | R8: 0.00052704763 | S8: Sample Variance | T8: 0.0008021915 | U8: Sample Variance | V8: 0.0010088896 | W8: Sample Variance | X8: 0.00052846932 | Y8: Sample Variance | Z8: 0.00085473069 | AA8: Sample Variance | AB8: 0.00078905409 | AC8: Sample Variance | AD8: 0.001119879
A9: Kurtosis | B9: 3.6577732 | C9: Kurtosis | D9: 4.8033048 | E9: Kurtosis | F9: 4.8033048 | G9: Kurtosis | H9: 6.3045251 | I9: Kurtosis | J9: 5.1074559 | K9: Kurtosis | L9: 3.6226859 | M9: Kurtosis | N9: 12.9122 | O9: Kurtosis | P9: 3.0223756 | Q9: Kurtosis | R9: 4.371253 | S9: Kurtosis | T9: 3.5026581 | U9: Kurtosis | V9: 2.8209786 | W9: Kurtosis | X9: 2.5229327 | Y9: Kurtosis | Z9: 3.4991872 | AA9: Kurtosis | AB9: 4.8366985 | AC9: Kurtosis | AD9: 3.7367062
A10: Skewness | B10: 0.86048483 | C10: Skewness | D10: 1.3190439 | E10: Skewness | F10: 1.3190439 | G10: Skewness | H10: 1.0306592 | I10: Skewness | J10: 0.29968702 | K10: Skewness | L10: 0.69752472 | M10: Skewness | N10: 2.3037864 | O10: Skewness | P10: 0.19689399 | Q10: Skewness | R10: -0.32842351 | S10: Skewness | T10: 0.92231675 | U10: Skewness | V10: 0.21596169 | W10: Skewness | X10: -0.081784378 | Y10: Skewness | Z10: 0.59580629 | AA10: Skewness | AB10: 1.1382806 | AC10: Skewness | AD10: 1.0503519
A11: Range | B11: 0.25608038 | C11: Range | D11: 0.27839294 | E11: Range | F11: 0.27839294 | G11: Range | H11: 0.39060358 | I11: Range | J11: 0.26860222 | K11: Range | L11: 0.35811606 | M11: Range | N11: 0.23295488 | O11: Range | P11: 0.202289 | Q11: Range | R11: 0.27745933 | S11: Range | T11: 0.23460564 | U11: Range | V11: 0.33646008 | W11: Range | X11: 0.21434766 | Y11: Range | Z11: 0.29083309 | AA11: Range | AB11: 0.27270654 | AC11: Range | AD11: 0.30468499
A12: Minimum | B12: -0.092861194 | C12: Minimum | D12: -0.078392945 | E12: Minimum | F12: -0.078392945 | G12: Minimum | H12: -0.19079979 | I12: Minimum | J12: -0.13526889 | K12: Minimum | L12: -0.15811606 | M12: Minimum | N12: -0.06075971 | O12: Minimum | P12: -0.078056985 | Q12: Minimum | R12: -0.15826765 | S12: Minimum | T12: -0.096443422 | U12: Minimum | V12: -0.19996156 | W12: Minimum | X12: -0.12608919 | Y12: Minimum | Z12: -0.10541642 | AA12: Minimum | AB12: -0.10044423 | AC12: Minimum | AD12: -0.10481868
A13: Maximum | B13: 0.16321919 | C13: Maximum | D13: 0.2 | E13: Maximum | F13: 0.2 | G13: Maximum | H13: 0.19980379 | I13: Maximum | J13: 0.13333333 | K13: Maximum | L13: 0.2 | M13: Maximum | N13: 0.17219517 | O13: Maximum | P13: 0.12423201 | Q13: Maximum | R13: 0.11919167 | S13: Maximum | T13: 0.13816222 | U13: Maximum | V13: 0.13649852 | W13: Maximum | X13: 0.088258471 | Y13: Maximum | Z13: 0.18541667 | AA13: Maximum | AB13: 0.17226232 | AC13: Maximum | AD13: 0.19986631
A14: Sum | B14: 2.4057128 | C14: Sum | D14: 2.1120833 | E14: Sum | F14: 2.1120833 | G14: Sum | H14: 2.3981971 | I14: Sum | J14: 1.6315406 | K14: Sum | L14: 2.1364951 | M14: Sum | N14: 0.57697796 | O14: Sum | P14: 1.0159922 | Q14: Sum | R14: 0.54769641 | S14: Sum | T14: 1.3796663 | U14: Sum | V14: 3.4016965 | W14: Sum | X14: 2.0074978 | Y14: Sum | Z14: 2.4517305 | AA14: Sum | AB14: 1.1337037 | AC14: Sum | AD14: 3.2356808
A15: Count | B15: 984 | C15: Count | D15: 984 | E15: Count | F15: 984 | G15: Count | H15: 984 | I15: Count | J15: 984 | K15: Count | L15: 984 | M15: Count | N15: 984 | O15: Count | P15: 984 | Q15: Count | R15: 984 | S15: Count | T15: 984 | U15: Count | V15: 984 | W15: Count | X15: 984 | Y15: Count | Z15: 984 | AA15: Count | AB15: 984 | AC15: Count | AD15: 984
B18: =(1+B3)^252-1 -> 0.85029537 | D18: =(1+D3)^252-1 -> 0.71655558 | F18: =(1+F3)^252-1 -> 0.71655558 | H18: =(1+H3)^252-1 -> 0.84674608 | J18: =(1+J3)^252-1 -> 0.51814249 | K18: =(1+K3)^252-1 -> #VALUE! | L18: =(1+L3)^252-1 -> 0.7272975 | N18: =(1+N3)^252-1 -> 0.15918752 | P18: =(1+P3)^252-1 -> 0.29700647 | R18: =(1+R3)^252-1 -> 0.15053229 | T18: =(1+T3)^252-1 -> 0.42344745 | V18: =(1+V3)^252-1 -> 1.3861085 | X18: =(1+X3)^252-1 -> 0.67128297 | Z18: =(1+Z3)^252-1 -> 0.8721758 | AB18: =(1+AB3)^252-1 -> 0.33665689 | AD18: =(1+AD3)^252-1 -> 1.2871135
B20: =B7*SQRT(252) -> 0.38215544 | C20: =C7*SQRT(252) -> #VALUE! | D20: =D7*SQRT(252) -> 0.49028721 | E20: =E7*SQRT(252) -> #VALUE! | F20: =F7*SQRT(252) -> 0.49028721 | G20: =G7*SQRT(252) -> #VALUE! | H20: =H7*SQRT(252) -> 0.50438659 | I20: =I7*SQRT(252) -> #VALUE! | ... AD20: =AD7*SQRT(252) -> 0.53123395
D26: 0.0024448301

Sheet COV (Annual)
B1: TATA COMMUNICATION | C1: NELCO | D1: INDUSTOWER | E1: ANTELOPUS | F1: ONGC | G1: HINDOILEXP | H1: TTKPRESTIG | I1: VOLTAS | J1: WHR | K1: MAIT | L1: SAEM | M1: TISC | N1: WELENT | O1: INDIANHUME | P1: JINDRILL
A2: TATA COMMUNICATION | B2: =VARP('RAW DATA'!$C$3:$C$986) -> 0.00057894588 | C2: 0.00016516084 | D2: 0.00016516084 | E2: 6.033018e-05 | F2: 4.9171217e-05 | G2: 9.7821865e-05 | H2: 5.3888251e-05 | I2: 7.646613e-05 | J2: 4.8610567e-05 | K2: 8.7099744e-05 | L2: 9.5884466e-05 | M2: 0.00011382922 | N2: 0.00011734188 | O2: 0.00012768927 | P2: 3.8766489e-05
A3: NELCO | B3: 0.00016516084 | C3: =VARP('RAW DATA'!$D$3:$D$986) -> 0.00095292564 | D3: =VARP('RAW DATA'!$D$3:$D$986) -> 0.00095292564 | E3: 0.00095292564 | F3: 0.00015783596 | G3: 0.00010986807 | H3: 0.00015178595 | I3: 9.8095571e-05 | J3: 0.00012733342 | K3: 7.0166837e-06 | L3: 0.0001738531 | M3: 0.00017761837 | N3: 0.00015858305 | O3: 0.00022453902 | P3: 0.00018890325
A4: INDUSTOWER | B4: 0.00016516084 | C4: 0.00095292564 | D4: =VARP('RAW DATA'!$E$3:$E$986) -> 0.00095292564 | E4: 0.00015783596 | F4: 0.00010986807 | G4: 0.00015178595 | H4: 9.8095571e-05 | I4: 0.00012733342 | J4: 7.0166837e-06 | K4: 0.0001738531 | L4: 0.00017761837 | M4: 0.00015858305 | N4: 0.00018440729 | O4: 0.00022453902 | P4: 0.00018890325
A5: ANTELOPUS | B5: 6.033018e-05 | C5: 0.00015783596 | D5: 0.00015783596 | E5: =VARP('RAW DATA'!$G$3:$G$986) -> 0.001008521 | F5: 0.00018582472 | G5: 0.00032669343 | H5: 8.5836168e-05 | I5: 9.063212e-05 | J5: -4.4489584e-06 | K5: 0.00015184175 | L5: 0.0001638687 | M5: 0.0001647564 | N5: 0.00018009502 | O5: 0.00023004539 | P5: 0.00031196846
A6: ONGC | B6: 4.9171217e-05 | C6: 0.00010986807 | D6: 0.00010986807 | E6: 0.00018582472 | F6: =VARP('RAW DATA'!$H$3:$H$986) -> 0.00047924829 | G6: 0.00025885668 | H6: 3.8360331e-05 | I6: 5.6361061e-05 | J6: -3.3865738e-05 | K6: 0.00013018736 | L6: 0.00018136512 | M6: 0.00016663198 | N6: 7.5373753e-05 | O6: 8.2277988e-05 | P6: 0.00016921791
A7: HINDOILEXP | B7: 9.7821865e-05 | C7: 0.00015178595 | D7: 0.00015178595 | E7: 0.00032669343 | F7: 0.00025885668 | G7: =VARP('RAW DATA'!$I$3:$I$986) -> 0.0011338224 | H7: 5.7626895e-05 | I7: 8.8228269e-05 | J7: -3.260968e-05 | K7: 0.00024186144 | L7: 0.00028683705 | M7: 0.00020895332 | N7: 0.00016570475 | O7: 0.0001796993 | P7: 0.00034262221
A8: TTKPRESTIG | B8: 5.3888251e-05 | C8: 9.8095571e-05 | D8: 9.8095571e-05 | E8: 8.5836168e-05 | F8: 3.8360331e-05 | G8: 5.7626895e-05 | H8: =VARP('RAW DATA'!$K$3:$K$986) -> 0.00044529613 | I8: 8.1027214e-05 | J8: -2.2564534e-06 | K8: 8.2782905e-05 | L8: 6.7750345e-05 | M8: 8.8808049e-05 | N8: 8.8092999e-05 | O8: 0.00010686065 | P8: 6.9422198e-05
A9: VOLTAS | B9: 7.646613e-05 | C9: 0.00012733342 | D9: 0.00012733342 | E9: 9.063212e-05 | F9: 5.6361061e-05 | G9: 8.8228269e-05 | H9: 8.1027214e-05 | I9: =VARP('RAW DATA'!$L$3:$L$986) -> 0.00035553317 | J9: -9.6193066e-06 | K9: 8.4112128e-05 | L9: 9.1672711e-05 | M9: 0.00015743805 | N9: 0.00014422675 | O9: 0.00012794165 | P9: 7.6721487e-05
A10: WHR | B10: 4.8610567e-05 | C10: 7.0166837e-06 | D10: 7.0166837e-06 | E10: -4.4489584e-06 | F10: -3.3865738e-05 | G10: -3.260968e-05 | H10: -2.2564534e-06 | I10: -9.6193066e-06 | J10: =VARP('RAW DATA'!$M$3:$M$986) -> 0.00052651201 | K10: 2.4947342e-05 | L10: -7.3582395e-06 | M10: -4.5296734e-06 | N10: -2.6312249e-05 | O10: 1.7128122e-05 | P10: 6.81264e-06
A11: MAIT | B11: 8.7099744e-05 | C11: 0.0001738531 | D11: 0.0001738531 | E11: 0.00015184175 | F11: 0.00013018736 | G11: 0.00024186144 | H11: 8.2782905e-05 | I11: 8.4112128e-05 | J11: 2.4947342e-05 | K11: =VARP('RAW DATA'!$O$3:$O$986) -> 0.00080137626 | L11: 0.0004149776 | M11: 0.00021838683 | N11: 0.0001234894 | O11: 0.00016137007 | P11: 0.00027047275
A12: SAEM | B12: 9.5884466e-05 | C12: 0.00017761837 | D12: 0.00017761837 | E12: 0.0001638687 | F12: 0.00018136512 | G12: 0.00028683705 | H12: 6.7750345e-05 | I12: 9.1672711e-05 | J12: -7.3582395e-06 | K12: 0.0004149776 | L12: =VARP('RAW DATA'!$P$3:$P$986) -> 0.0010078643 | M12: 0.00028912718 | N12: 0.00014805342 | O12: 0.00017542147 | P12: 0.00028371576
A13: TISC | B13: 0.00011382922 | C13: 0.00015858305 | D13: 0.00015858305 | E13: 0.0001647564 | F13: 0.00016663198 | G13: 0.00020895332 | H13: 8.8808049e-05 | I13: 0.00015743805 | J13: -4.5296734e-06 | K13: 0.00021838683 | L13: 0.00028912718 | M13: =VARP('RAW DATA'!$Q$3:$Q$986) -> 0.00052793226 | N13: 0.00017216876 | O13: 0.00016815136 | P13: 0.00015010744
A14: WELENT | B14: 0.00011734188 | C14: 0.00018440729 | D14: 0.00018440729 | E14: 0.00018009502 | F14: 7.5373753e-05 | G14: 0.00016570475 | H14: 8.8092999e-05 | I14: 0.00014422675 | J14: -2.6312249e-05 | K14: 0.0001234894 | L14: 0.00014805342 | M14: 0.00017216876 | N14: =VARP('RAW DATA'!$S$3:$S$986) -> 0.00085386206 | O14: 0.00025073953 | P14: 0.00016396351
A15: INDIANHUME | B15: 0.00012768927 | C15: 0.00022453902 | D15: 0.00022453902 | E15: 0.00023004539 | F15: 8.2277988e-05 | G15: 0.0001796993 | H15: 0.00010686065 | I15: 0.00012794165 | J15: 1.7128122e-05 | K15: 0.00016137007 | L15: 0.00017542147 | M15: 0.00016815136 | N15: 0.00025073953 | O15: =VARP('RAW DATA'!$T$3:$T$986) -> 0.00078825221 | P15: 0.00019236754
A16: JINDRILL | B16: 3.8766489e-05 | C16: 0.00018890325 | D16: 0.00018890325 | E16: 0.00031196846 | F16: 0.00016921791 | G16: 0.00034262221 | H16: 6.9422198e-05 | I16: 7.6721487e-05 | J16: 6.81264e-06 | K16: 0.00027047275 | L16: 0.00028371576 | M16: 0.00015010744 | N16: 0.00016396351 | O16: 0.00019236754 | P16: =VARP('RAW DATA'!$U$3:$U$986) -> 0.0011187409

Sheet RAW DATA
A1: Total returns | C1: TELECOM | G1: Oil and gas | K1: Consumer Electronics | O1: Metal | S1: Construction
C2: TATA COMMUNICATION | D2: NELCO | E2: INDUSTOWER | G2: ANTELOPUS | H2: ONGC | I2: HINDOILEXP | K2: TTKPRESTIG | L2: VOLTAS | M2: WHR | O2: MAIT | P2: SAEM | Q2: TISC | S2: WELENT | T2: INDIANHUME | U2: JINDRILL
C3: -0.0046570703 | D3: 0.045471627 | E3: 0.045471627 | G3: 0.095555556 | H3: 0.062357414 | I3: 0.029661017 | K3: -0.040962512 | L3: 0.0027586207 | M3: 0.012779156 | O3: -0.037889226 | P3: 0.012163336 | Q3: -0.047297297 | S3: 0.049443758 | T3: -0.002078138 | U3: 0.02283105
C4: 0.0012760527 | D4: 0.046369518 | E4: 0.046369518 | G4: 0.053414469 | H4: 0.043664996 | I4: 0.030178326 | K4: 0.07457847 | L4: 0.025394138 | M4: 0.012372902 | O4: 0.059573249 | P4: 0.078969957 | Q4: 0.088258471 | S4: 0.049469965 | T4: 0.072886297 | U4: 0.050223214
C5: 0.11639762 | D5: -0.0068704912 | E5: -0.0068704912 | G5: 0.0025673941 | H5: 0.021262003 | I5: -0.0053262317 | K5: -0.0070339001 | L5: -0.0038179754 | M5: 0.11919167 | O5: -0.03419381 | P5: 0.010342084 | Q5: -0.0050687907 | S5: 0.049382716 | T5: -0.027950311 | U5: 0.0010626993
C6: 0.0945586 | D6: 0.089588378 | E6: 0.089588378 | G6: 0.04993598 | H6: 0.038280725 | I6: 0.030789826 | K6: 0.089552552 | L6: 0.054278019 | M6: 0.026164991 | O6: 0.024769102 | P6: 0.040944882 | Q6: 0.036754003 | S6: 0.049197861 | T6: 0.037539936 | U6: 0.024416136
C7: 0.16321919 | D7: 0.2 | E7: 0.2 | G7: 0.05 | H7: -0.029107374 | I7: -0.0025974026 | K7: -0.056724629 | L7: -0.0074670859 | M7: 0.050258139 | O7: 0.037962584 | P7: -0.032526475 | Q7: -0.0080730081 | S7: -0.034658512 | T7: 0.088144727 | U7: 0.07357513
C8: 0.064554692 | D8: -0.0055555556 | E8: -0.0055555556 | G8: 0.0069686411 | H8: -0.0093271153 | I8: -0.00390625 | K8: -0.012377903 | L8: 0.021381905 | M8: 0.050862761 | O8: 0.0305223 | P8: 0.041438624 | Q8: 0.0092002831 | S8: 0.03907075 | T8: 0.12698974 | U8: 0.0048262548
C9: -0.025547445 | D9: 0.082202713 | E9: 0.082202713 | G9: 0.012110727 | H9: 0.014794889 | I9: 0.074509804 | K9: -0.018830525 | L9: 0.010467145 | M9: -0.039140811 | O9: -0.0056172603 | P9: 0.093843844 | Q9: 0.012973352 | S9: 0.047764228 | T9: -0.0025109856 | U9: 0.028818444
C10: 0.068280035 | D10: -0.0029498525 | E10: -0.0029498525 | G10: 0.048433048 | H10: 0.011265739 | I10: 0.04136253 | K10: 0.057070707 | L10: 0.0044120468 | M10: 0.028415301 | O10: 0.010912826 | P10: 0.01921757 | Q10: 0.015576324 | S10: 0.030067895 | T10: -0.0066079295 | U10: 0.045751634
C11: 0.0047195254 | D11: -0.011341223 | E11: -0.011341223 | G11: -0.0092391304 | H11: -0.030144168 | I11: 0.010514019 | K11: -0.026835483 | L11: -0.0042016807 | M11: -0.034972466 | O11: -0.012954026 | P11: -0.011447811 | Q11: -0.023858214 | S11: 0.042372881 | T11: 0.046879949 | U11: 0.040178571
C12: -0.016507851 | D12: -0.058603491 | E12: -0.058603491 | G12: -0.049917718 | H12: -0.062837838 | I12: -0.099421965 | K12: -0.032157761 | L12: -0.042673571 | M12: -0.032535789 | O12: -0.030365414 | P12: -0.065395095 | Q12: -0.07122905 | S12: -0.017163505 | T12: -0.045990923 | U12: -0.083261803
C13: 0.029612445 | D13: -0.035761589 | E13: -0.035761589 | G13: -0.04965358 | H13: -0.057678443 | I13: -0.020539153 | K13: 0.010377917 | L13: 0.0084143043 | M13: 0.089921358 | O13: -0.010084926 | P13: -0.015306122 | Q13: 0.0090225564 | S13: -0.024816176 | T13: -0.049793847 | U13: -0.0093632959
C14: -0.010868125 | D14: -0.0010989011 | E14: -0.0010989011 | G14: -0.037667072 | H14: 0.030604438 | I14: 0.015727392 | K14: -0.012028534 | L14: 0.0096354425 | M14: -0.050602867 | O14: 0.0018766756 | P14: 0.016284234 | Q14: 0.0070789866 | S14: -0.013195099 | T14: 0.0076769025 | U14: 0.0056710775
... C986: 0.01311871 | D986: -0.0014355441 | E986: -0.0014355441 | G986: 0.0098582189 | H986: 0.0085470085 | I986: 0.029797378 | K986: -0.017347387 | L986: -0.0074925075 | M986: -0.0022298616 | O986: -0.024536206 | P986: -0.032473515 | Q986: 0.0019685039 | S986: 0.023829224 | T986: -0.034938621 | U986: -0.048939761
O988: 0.015905912 | P988: -0.020048309 | U988: 0.013195548

Sheet q1 Returns
A1: TELECOM | M1: OIL & GAS | Y1: COSUMER ELECTRONICS | AK1: METAL | AW1: CONSTRUCTION
A2: TATACOMM | E2: NELCO | I2: INDUSTOWER | M2: ANTELOPUS | Q2: ONGC | U2: HINDOILEXP | Y2: TTKPRESTIG | AC2: VOLTAS | AG2: WHR | AK2: MAITHANALL | AO2: SARDAEN | AS2: TATASTEEL | AW2: WELENT | BA2: INDIANHUME | BE2: JINDRILL
A3: Date | B3: Close | C3: Returns | E3: Date | F3: Close | G3: Returns | I3: Date | J3: Close | K3: Returns | M3: Date | N3: Close | O3: Returns | Q3: Date | R3: Close | S3: Returns | U3: Date | V3: Close | W3: Returns | Y3: Date | Z3: Close | AA3: Returns | AC3: Date | AD3: Close | AE3: Returns | AG3: Date | AH3: Close | AI3: Returns | AK3: Date | AL3: Close | AM3: Returns | AO3: Date | AP3: Close | AQ3: Returns | AS3: Date | AT3: Close | AU3: Returns | AW3: Date | AX3: Close | AY3: Returns | BA3: Date | BB3: Close | BC3: Returns | BE3: Date | BF3: Close | BG3: Returns
A4: 45383 | B4: 2036.6 | E4: 45383 | F4: 718.4 | I4: 45383 | J4: 315.2 | M4: 45383 | N4: 459.9 | Q4: 45383 | R4: 269.9 | U4: 45383 | V4: 181.6 | Y4: 45383 | Z4: 692.5 | AC4: 45383 | AD4: 1151.6 | AG4: 45383 | AH4: 119.2 | AK4: 45383 | AL4: 1021.3 | AO4: 45383 | AP4: 207.1 | AS4: 45383 | AT4: 163.2 | AW4: 45383 | AX4: 312 | BA4: 45383 | BB4: 278.5 | BE4: 45383 | BF4: 634.4
A5: 45384 | B5: 2073.9 | C5: =(B5-B4)/B4 -> 0.018314838 | E5: 45384 | F5: 738.5 | G5: =(F5-F4)/F4 -> 0.027978842 | I5: 45384 | J5: 304.8 | K5: =(J5-J4)/J4 -> -0.032994924 | M5: 45384 | N5: 469.8 | O5: =(N5-N4)/N4 -> 0.021526419 | Q5: 45384 | R5: 272.5 | S5: =(R5-R4)/R4 -> 0.0096331975 | U5: 45384 | V5: 185.6 | W5: =(V5-V4)/V4 -> 0.022026432 | Y5: 45384 | Z5: 702.5 | AA5: =(Z5-Z4)/Z4 -> 0.014440433 | AC5: 45384 | AD5: 1190.4 | AE5: =(AD5-AD4)/AD4 -> 0.033692254 | AG5: 45384 | AH5: 114.9 | AI5: =(AH5-AH4)/AH4 -> -0.036073826 | AK5: 45384 | AL5: 1050.4 | AM5: =(AL5-AL4)/AL4 -> 0.028493097 | AO5: 45384 | AP5: 206.8 | AQ5: =(AP5-AP4)/AP4 -> -0.0014485756 | AS5: 45384 | AT5: 164.7 | AU5: =(AT5-AT4)/AT4 -> 0.0091911765 | AW5: 45384 | AX5: 312.7 | AY5: =(AX5-AX4)/AX4 -> 0.0022435897 | BA5: 45384 | BB5: 278.9 | BC5: =(BB5-BB4)/BB4 -> 0.0014362657 | BE5: 45384 | BF5: 663.5 | BG5: =(BF5-BF4)/BF4 -> 0.045870113
A6: 45385 | B6: 2054.1 | C6: =(B6-B5)/B5 -> -0.0095472299 | E6: 45385 | F6: 766.9 | G6: =(F6-F5)/F5 -> 0.03845633 | I6: 45385 | J6: 300.6 | K6: =(J6-J5)/J5 -> -0.013779528 | M6: 45385 | N6: 479.1 | O6: =(N6-N5)/N5 -> 0.019795658 | Q6: 45385 | R6: 275.4 | S6: =(R6-R5)/R5 -> 0.010642202 | U6: 45385 | V6: 190.4 | W6: =(V6-V5)/V5 -> 0.025862069 | Y6: 45385 | Z6: 710.2 | AA6: =(Z6-Z5)/Z5 -> 0.010960854 | AC6: 45385 | AD6: 1220 | AE6: =(AD6-AD5)/AD5 -> 0.024865591 | AG6: 45385 | AH6: 115.8 | AI6: =(AH6-AH5)/AH5 -> 0.0078328982 | AK6: 45385 | AL6: 1074.5 | AM6: =(AL6-AL5)/AL5 -> 0.022943641 | AO6: 45385 | AP6: 220.3 | AQ6: =(AP6-AP5)/AP5 -> 0.065280464 | AS6: 45385 | AT6: 163.7 | AU6: =(AT6-AT5)/AT5 -> -0.0060716454 | AW6: 45385 | AX6: 315.8 | AY6: =(AX6-AX5)/AX5 -> 0.0099136553 | BA6: 45385 | BB6: 280.3 | BC6: =(BB6-BB5)/BB5 -> 0.0050197203 | BE6: 45385 | BF6: 663.2 | BG6: =(BF6-BF5)/BF5 -> -0.0004521477
A7: 45386 | B7: 2057.6 | C7: =(B7-B6)/B6 -> 0.0017039093 | E7: 45386 | F7: 761.1 | G7: =(F7-F6)/F6 -> -0.0075629156 | I7: 45386 | J7: 306.6 | K7: =(J7-J6)/J6 -> 0.01996008 | M7: 45386 | N7: 480.4 | O7: =(N7-N6)/N6 -> 0.002713421 | Q7: 45386 | R7: 269 | S7: =(R7-R6)/R6 -> -0.023238925 | U7: 45386 | V7: 186.4 | W7: =(V7-V6)/V6 -> -0.021008403 | Y7: 45386 | Z7: 699.6 | AA7: =(Z7-Z6)/Z6 -> -0.014925373 | AC7: 45386 | AD7: 1218 | AE7: =(AD7-AD6)/AD6 -> -0.0016393443 | AG7: 45386 | AH7: 114.6 | AI7: =(AH7-AH6)/AH6 -> -0.010362694 | AK7: 45386 | AL7: 1092.8 | AM7: =(AL7-AL6)/AL6 -> 0.017031177 | AO7: 45386 | AP7: 221.2 | AQ7: =(AP7-AP6)/AP6 -> 0.0040853382 | AS7: 45386 | AT7: 163.4 | AU7: =(AT7-AT6)/AT6 -> -0.0018326206 | AW7: 45386 | AX7: 329 | AY7: =(AX7-AX6)/AX6 -> 0.041798607 | BA7: 45386 | BB7: 287.9 | BC7: =(BB7-BB6)/BB6 -> 0.027113807 | BE7: 45386 | BF7: 691.1 | BG7: =(BF7-BF6)/BF6 -> 0.042068758
A8: 45387 | B8: 2061.8 | C8: =(B8-B7)/B7 -> 0.0020412131 | E8: 45387 | F8: 761.3 | G8: =(F8-F7)/F7 -> 0.00026277756 | I8: 45387 | J8: 314 | K8: =(J8-J7)/J7 -> 0.024135682 | M8: 45387 | N8: 515.9 | O8: =(N8-N7)/N7 -> 0.073896753 | Q8: 45387 | R8: 268 | S8: =(R8-R7)/R7 -> -0.0037174721 | U8: 45387 | V8: 189.6 | W8: =(V8-V7)/V7 -> 0.017167382 | Y8: 45387 | Z8: 690.1 | AA8: =(Z8-Z7)/Z7 -> -0.013579188 | AC8: 45387 | AD8: 1232.3 | AE8: =(AD8-AD7)/AD7 -> 0.011740558 | AG8: 45387 | AH8: 115.3 | AI8: =(AH8-AH7)/AH7 -> 0.0061082024 | AK8: 45387 | AL8: 1095.6 | AM8: =(AL8-AL7)/AL7 -> 0.0025622255 | AO8: 45387 | AP8: 219.3 | AQ8: =(AP8-AP7)/AP7 -> -0.0085895118 | AS8: 45387 | AT8: 163.4 | AU8: =(AT8-AT7)/AT7 -> 0 | AW8: 45387 | AX8: 328.2 | AY8: =(AX8-AX7)/AX7 -> -0.0024316109 | BA8: 45387 | BB8: 285.7 | BC8: =(BB8-BB7)/BB7 -> -0.0076415422 | BE8: 45387 | BF8: 685.4 | BG8: =(BF8-BF7)/BF7 -> -0.008247721
A9: 45390 | B9: 2048.3 | C9: =(B9-B8)/B8 -> -0.0065476768 | E9: 45390 | F9: 753.2 | G9: =(F9-F8)/F8 -> -0.010639695 | I9: 45390 | J9: 327.8 | K9: =(J9-J8)/J8 -> 0.043949045 | M9: 45390 | N9: 515.8 | O9: =(N9-N8)/N8 -> -0.00019383601 | Q9: 45390 | R9: 270.4 | S9: =(R9-R8)/R8 -> 0.0089552239 | U9: 45390 | V9: 184.7 | W9: =(V9-V8)/V8 -> -0.025843882 | Y9: 45390 | Z9: 714.3 | AA9: =(Z9-Z8)/Z8 -> 0.035067382 | AC9: 45390 | AD9: 1306.9 | AE9: =(AD9-AD8)/AD8 -> 0.060537207 | AG9: 45390 | AH9: 116 | AI9: =(AH9-AH8)/AH8 -> 0.0060711188 | AK9: 45390 | AL9: 1099.7 | AM9: =(AL9-AL8)/AL8 -> 0.0037422417 | AO9: 45390 | AP9: 217.4 | AQ9: =(AP9-AP8)/AP8 -> -0.0086639307 | AS9: 45390 | AT9: 165.2 | AU9: =(AT9-AT8)/AT8 -> 0.011015912 | AW9: 45390 | AX9: 319.2 | AY9: =(AX9-AX8)/AX8 -> -0.027422303 | BA9: 45390 | BB9: 288.5 | BC9: =(BB9-BB8)/BB8 -> 0.00980049 | BE9: 45390 | BF9: 705.1 | BG9: =(BF9-BF8)/BF8 -> 0.02874234
A10: 45391 | B10: 2012.7 | C10: =(B10-B9)/B9 -> -0.017380267 | E10: 45391 | F10: 749.4 | G10: =(F10-F9)/F9 -> -0.0050451407 | I10: 45391 | J10: 328 | K10: =(J10-J9)/J9 -> 0.00061012813 | M10: 45391 | N10: 516.2 | O10: =(N10-N9)/N9 -> 0.00077549438 | Q10: 45391 | R10: 269 | S10: =(R10-R9)/R9 -> -0.0051775148 | U10: 45391 | V10: 182 | W10: =(V10-V9)/V9 -> -0.0146183 | Y10: 45391 | Z10: 706.5 | AA10: =(Z10-Z9)/Z9 -> -0.010919782 | AC10: 45391 | AD10: 1314.1 | AE10: =(AD10-AD9)/AD9 -> 0.0055092203 | AG10: 45391 | AH10: 116.8 | AI10: =(AH10-AH9)/AH9 -> 0.0068965517 | AK10: 45391 | AL10: 1095.6 | AM10: =(AL10-AL9)/AL9 -> -0.0037282895 | AO10: 45391 | AP10: 216 | AQ10: =(AP10-AP9)/AP9 -> -0.0064397424 | AS10: 45391 | AT10: 166 | AU10: =(AT10-AT9)/AT9 -> 0.004842615 | AW10: 45391 | AX10: 319.6 | AY10: =(AX10-AX9)/AX9 -> 0.0012531328 | BA10: 45391 | BB10: 285.7 | BC10: =(BB10-BB9)/BB9 -> -0.0097053726 | BE10: 45391 | BF10: 701.4 | BG10: =(BF10-BF9)/BF9 -> -0.0052474826
A11: 45392 | B11: 1970.6 | C11: =(B11-B10)/B10 -> -0.020917176 | E11: 45392 | F11: 755.8 | G11: =(F11-F10)/F10 -> 0.0085401655 | I11: 45392 | J11: 326.7 | K11: =(J11-J10)/J10 -> -0.0039634146 | M11: 45392 | N11: 528.6 | O11: =(N11-N10)/N10 -> 0.024021697 | Q11: 45392 | R11: 272 | S11: =(R11-R10)/R10 -> 0.011152416 | U11: 45392 | V11: 195 | W11: =(V11-V10)/V10 -> 0.071428571 | Y11: 45392 | Z11: 709.2 | AA11: =(Z11-Z10)/Z10 -> 0.0038216561 | AC11: 45392 | AD11: 1342.8 | AE11: =(AD11-AD10)/AD10 -> 0.021840043 | AG11: 45392 | AH11: 110.9 | AI11: =(AH11-AH10)/AH10 -> -0.050513699 | AK11: 45392 | AL11: 1176.8 | AM11: =(AL11-AL10)/AL10 -> 0.07411464 | AO11: 45392 | AP11: 230.1 | AQ11: =(AP11-AP10)/AP10 -> 0.065277778 | AS11: 45392 | AT11: 165.1 | AU11: =(AT11-AT10)/AT10 -> -0.0054216867 | AW11: 45392 | AX11: 316.2 | AY11: =(AX11-AX10)/AX10 -> -0.010638298 | BA11: 45392 | BB11: 281.5 | BC11: =(BB11-BB10)/BB10 -> -0.014700735 | BE11: 45392 | BF11: 691.4 | BG11: =(BF11-BF10)/BF10 -> -0.0142572
A12: 45394 | B12: 1945.5 | C12: =(B12-B11)/B11 -> -0.012737237 | E12: 45394 | F12: 743.4 | G12: =(F12-F11)/F11 -> -0.016406457 | I12: 45394 | J12: 328.1 | K12: =(J12-J11)/J11 -> 0.004285277 | M12: 45394 | N12: 534 | O12: =(N12-N11)/N11 -> 0.010215664 | Q12: 45394 | R12: 265.7 | S12: =(R12-R11)/R11 -> -0.023161765 | U12: 45394 | V12: 191.8 | W12: =(V12-V11)/V11 -> -0.016410256 | Y12: 45394 | Z12: 704.2 | AA12: =(Z12-Z11)/Z11 -> -0.0070501974 | AC12: 45394 | AD12: 1309.4 | AE12: =(AD12-AD11)/AD11 -> -0.024873399 | AG12: 45393 | AH12: 111.4 | AI12: =(AH12-AH11)/AH11 -> 0.0045085663 | AK12: 45394 | AL12: 1154.8 | AM12: =(AL12-AL11)/AL11 -> -0.018694765 | AO12: 45394 | AP12: 227.4 | AQ12: =(AP12-AP11)/AP11 -> -0.011734029 | AS12: 45394 | AT12: 163.5 | AU12: =(AT12-AT11)/AT11 -> -0.0096910963 | AW12: 45394 | AX12: 324.6 | AY12: =(AX12-AX11)/AX11 -> 0.026565465 | BA12: 45394 | BB12: 277.5 | BC12: =(BB12-BB11)/BB11 -> -0.014209591 | BE12: 45394 | BF12: 694.4 | BG12: =(BF12-BF11)/BF11 -> 0.0043390223
A13: 45397 | B13: 1909.2 | C13: =(B13-B12)/B12 -> -0.018658443 | E13: 45397 | F13: 723.2 | G13: =(F13-F12)/F12 -> -0.027172451 | I13: 45397 | J13: 334.6 | K13: =(J13-J12)/J12 -> 0.019811033 | M13: 45397 | N13: 596.2 | O13: =(N13-N12)/N12 -> 0.1164794 | Q13: 45397 | R13: 279.9 | S13: =(R13-R12)/R12 -> 0.053443734 | U13: 45397 | V13: 193.4 | W13: =(V13-V12)/V12 -> 0.0083420229 | Y13: 45397 | Z13: 697.7 | AA13: =(Z13-Z12)/Z12 -> -0.0092303323 | AC13: 45397 | AD13: 1283.9 | AE13: =(AD13-AD12)/AD12 -> -0.019474569 | AG13: 45394 | AH13: 108.1 | AI13: =(AH13-AH12)/AH12 -> -0.02962298 | AK13: 45397 | AL13: 1151.7 | AM13: =(AL13-AL12)/AL12 -> -0.0026844475 | AO13: 45397 | AP13: 224.2 | AQ13: =(AP13-AP12)/AP12 -> -0.01407212 | AS13: 45397 | AT13: 160.9 | AU13: =(AT13-AT12)/AT12 -> -0.015902141 | AW13: 45397 | AX13: 317.8 | AY13: =(AX13-AX12)/AX12 -> -0.02094886 | BA13: 45397 | BB13: 269.7 | BC13: =(BB13-BB12)/BB12 -> -0.028108108 | BE13: 45397 | BF13: 705.8 | BG13: =(BF13-BF12)/BF12 -> 0.016417051
A14: 45398 | B14: 1883.8 | C14: =(B14-B13)/B13 -> -0.013304002 | E14: 45398 | F14: 754.5 | G14: =(F14-F13)/F13 -> 0.043279867 | I14: 45398 | J14: 332.5 | K14: =(J14-J13)/J13 -> -0.0062761506 | M14: 45398 | N14: 634.5 | O14: =(N14-N13)/N13 -> 0.064240188 | Q14: 45398 | R14: 283.2 | S14: =(R14-R13)/R13 -> 0.011789925 | U14: 45398 | V14: 199.1 | W14: =(V14-V13)/V13 -> 0.029472596 | Y14: 45398 | Z14: 693 | AA14: =(Z14-Z13)/Z13 -> -0.0067364197 | AC14: 45398 | AD14: 1297.1 | AE14: =(AD14-AD13)/AD13 -> 0.010281175 | AG14: 45397 | AH14: 106.5 | AI14: =(AH14-AH13)/AH13 -> -0.01480111 | AK14: 45398 | AL14: 1142.8 | AM14: =(AL14-AL13)/AL13 -> -0.0077277069 | AO14: 45398 | AP14: 228.2 | AQ14: =(AP14-AP13)/AP13 -> 0.017841213 | AS14: 45398 | AT14: 160.1 | AU14: =(AT14-AT13)/AT13 -> -0.0049720323 | AW14: 45398 | AX14: 336.8 | AY14: =(AX14-AX13)/AX13 -> 0.059786029 | BA14: 45398 | BB14: 269.8 | BC14: =(BB14-BB13)/BB13 -> 0.00037078235 | BE14: 45398 | BF14: 758.9 | BG14: =(BF14-BF13)/BF13 -> 0.075233777
A15: 45400 | B15: 1854.1 | C15: =(B15-B14)/B14 -> -0.015766005 | E15: 45400 | F15: 751.5 | G15: =(F15-F14)/F14 -> -0.0039761431 | I15: 45400 | J15: 344.4 | K15: =(J15-J14)/J14 -> 0.035789474 | M15: 45400 | N15: 626.6 | O15: =(N15-N14)/N14 -> -0.012450749 | Q15: 45400 | R15: 274.2 | S15: =(R15-R14)/R14 -> -0.031779661 | U15: 45400 | V15: 197.3 | W15: =(V15-V14)/V14 -> -0.0090406831 | Y15: 45400 | Z15: 686.2 | AA15: =(Z15-Z14)/Z14 -> -0.0098124098 | AC15: 45400 | AD15: 1291.7 | AE15: =(AD15-AD14)/AD14 -> -0.0041631331 | AG15: 45398 | AH15: 105.6 | AI15: =(AH15-AH14)/AH14 -> -0.0084507042 | AK15: 45400 | AL15: 1142.3 | AM15: =(AL15-AL14)/AL14 -> -0.00043752188 | AO15: 45400 | AP15: 221.8 | AQ15: =(AP15-AP14)/AP14 -> -0.028045574 | AS15: 45400 | AT15: 160.1 | AU15: =(AT15-AT14)/AT14 -> 0 | AW15: 45400 | AX15: 341.8 | AY15: =(AX15-AX14)/AX14 -> 0.014845606 | BA15: 45400 | BB15: 268.1 | BC15: =(BB15-BB14)/BB14 -> -0.0063009637 | BE15: 45400 | BF15: 744.9 | BG15: =(BF15-BF14)/BF14 -> -0.018447753
A16: 45401 | B16: 1755.2 | C16: =(B16-B15)/B15 -> -0.053341244 | E16: 45401 | F16: 742.3 | G16: =(F16-F15)/F15 -> -0.012242182 | I16: 45401 | J16: 351.4 | K16: =(J16-J15)/J15 -> 0.020325203 | M16: 45401 | N16: 640 | O16: =(N16-N15)/N15 -> 0.021385254 | Q16: 45401 | R16: 275.3 | S16: =(R16-R15)/R15 -> 0.0040116703 | U16: 45401 | V16: 202.5 | W16: =(V16-V15)/V15 -> 0.026355803 | Y16: 45401 | Z16: 694.9 | AA16: =(Z16-Z15)/Z15 -> 0.012678519 | AC16: 45401 | AD16: 1300.6 | AE16: =(AD16-AD15)/AD15 -> 0.0068901448 | AG16: 45399 | AH16: 103.9 | AI16: =(AH16-AH15)/AH15 -> -0.016098485 | AK16: 45401 | AL16: 1134.8 | AM16: =(AL16-AL15)/AL15 -> -0.0065657008 | AO16: 45401 | AP16: 222.8 | AQ16: =(AP16-AP15)/AP15 -> 0.0045085663 | AS16: 45401 | AT16: 162.1 | AU16: =(AT16-AT15)/AT15 -> 0.012492192 | AW16: 45401 | AX16: 342.9 | AY16: =(AX16-AX15)/AX15 -> 0.0032182563 | BA16: 45401 | BB16: 263.3 | BC16: =(BB16-BB15)/BB15 -> -0.017903767 | BE16: 45401 | BF16: 773 | BG16: =(BF16-BF15)/BF15 -> 0.037723184
... A63: 45471 | B63: 1854.5 | C63: =(B63-B62)/B62 -> -0.0020985794 | E63: 45471 | F63: 770.3 | G63: =(F63-F62)/F62 -> 0.0015602652 | I63: 45471 | J63: 375.3 | K63: =(J63-J62)/J62 -> 0.027656079 | M63: 45471 | N63: 731.8 | O63: =(N63-N62)/N62 -> 0.054770827 | Q63: 45471 | R63: 274.2 | S63: =(R63-R62)/R62 -> 0.025046729 | U63: 45471 | V63: 196 | W63: =(V63-V62)/V62 -> -0.010600707 | Y63: 45471 | Z63: 786.8 | AA63: =(Z63-Z62)/Z62 -> 0.0021653293 | AC63: 45471 | AD63: 1472.2 | AE63: =(AD63-AD62)/AD62 -> -0.020557514 | AG63: 45468 | AH63: 87.03 | AI63: =(AH63-AH62)/AH62 -> -0.052064045 | AK63: 45471 | AL63: 1190.3 | AM63: =(AL63-AL62)/AL62 -> 0.0028646053 | AO63: 45471 | AP63: 232.6 | AQ63: =(AP63-AP62)/AP62 -> 0.0064906967 | AS63: 45471 | AT63: 174 | AU63: =(AT63-AT62)/AT62 -> -0.0011481056 | AW63: 45471 | AX63: 449.2 | AY63: =(AX63-AX62)/AX62 -> -0.0064145101 | BA63: 45471 | BB63: 405.7 | BC63: =(BB63-BB62)/BB62 -> 0.022687169 | BE63: 45471 | BF63: 630.6 | BG63: =(BF63-BF62)/BF62 -> -0.017757009

Sheet q2 Returns
A1: TELECOM | M1: OIL & GAS | Y1: CONSUMER ELECTRONICS | AK1: METAL | AW1: CONSTRUCTI0N
A2: TATACOMM | E2: NELCO | I2: INDUSTOWER | M2: ANTELOPUS | Q2: ONGC | U2: HINDOILEXP | Y2: TTKPRESTIG | AC2: VOLTAS | AG2: WHR | AK2: MAITHANALL | AO2: SARDAEN | AS2: TATASTEEL | AW2: WELENT | BA2: INDIANHUME | BE2: JINDRILL
A3: Date | B3: Close | C3: Returns | E3: Date | F3: Close | G3: Returns | I3: Date | J3: Close | K3: Returns | M3: Date | N3: Close | O3: Returns | Q3: ONGC | R3: Close | S3: Returns | U3: Date | V3: Close | W3: Returns | Y3: Date | Z3: Close | AA3: Returns | AC3: Date | AD3: Close | AE3: Returns | AG3: Date | AH3: Close | AI3: Returns | AK3: Date | AL3: Close | AM3: Returns | AO3: Date | AP3: Close | AQ3: Returns | AS3: Date | AT3: Close | AU3: Returns | AW3: Date | AX3: Close | AY3: Returns | BA3: Date | BB3: Close | BC3: Returns | BE3: Date | BF3: Close | BG3: Returns
A4: 45474 | B4: 1855.9 | E4: 45474 | F4: 769.85 | I4: 45474 | J4: 389.7 | M4: 45474 | N4: 727.05 | Q4: 45474 | R4: 273 | U4: 45474 | V4: 197.5 | Y4: 45474 | Z4: 825.3 | AC4: 45474 | AD4: 1444.3 | AG4: 45469 | AH4: 101.9 | AK4: 45474 | AL4: 1212.2 | AO4: 45474 | AP4: 231.8 | AS4: 45474 | AT4: 174.1 | AW4: 45474 | AX4: 475.1 | BA4: 45474 | BB4: 434.1 | BE4: 45474 | BF4: 635.8
A5: 45475 | B5: 1889.5 | C5: =(B5-B4)/B4 -> 0.018104424 | E5: 45475 | F5: 766.8 | G5: =(F5-F4)/F4 -> -0.0039618107 | I5: 45475 | J5: 383.8 | K5: =(J5-J4)/J4 -> -0.015139851 | M5: 45475 | N5: 712.35 | O5: =(N5-N4)/N4 -> -0.020218692 | Q5: 45475 | R5: 274.9 | S5: =(R5-R4)/R4 -> 0.006959707 | U5: 45475 | V5: 203.3 | W5: =(V5-V4)/V4 -> 0.029367089 | Y5: 45475 | Z5: 834.6 | AA5: =(Z5-Z4)/Z4 -> 0.01126863 | AC5: 45475 | AD5: 1450.1 | AE5: =(AD5-AD4)/AD4 -> 0.0040157862 | AG5: 45470 | AH5: 100.9 | AI5: =(AH5-AH4)/AH4 -> -0.0098135427 | AK5: 45475 | AL5: 1220.2 | AM5: =(AL5-AL4)/AL4 -> 0.006599571 | AO5: 45475 | AP5: 232.2 | AQ5: =(AP5-AP4)/AP4 -> 0.0017256255 | AS5: 45475 | AT5: 174.5 | AU5: =(AT5-AT4)/AT4 -> 0.0022975302 | AW5: 45475 | AX5: 469.2 | AY5: =(AX5-AX4)/AX4 -> -0.012418438 | BA5: 45475 | BB5: 423.2 | BC5: =(BB5-BB4)/BB4 -> -0.025109422 | BE5: 45475 | BF5: 635.1 | BG5: =(BF5-BF4)/BF4 -> -0.0011009751
A6: 45476 | B6: 1894.8 | C6: =(B6-B5)/B5 -> 0.0028049749 | E6: 45476 | F6: 793.4 | G6: =(F6-F5)/F5 -> 0.034689619 | I6: 45476 | J6: 396.5 | K6: =(J6-J5)/J5 -> 0.033090151 | M6: 45476 | N6: 714.35 | O6: =(N6-N5)/N5 -> 0.0028076086 | Q6: 45476 | R6: 274.7 | S6: =(R6-R5)/R5 -> -0.00072753729 | U6: 45476 | V6: 212.5 | W6: =(V6-V5)/V5 -> 0.04525332 | Y6: 45476 | Z6: 835 | AA6: =(Z6-Z5)/Z5 -> 0.00047927151 | AC6: 45476 | AD6: 1451.9 | AE6: =(AD6-AD5)/AD5 -> 0.0012412937 | AG6: 45471 | AH6: 102.2 | AI6: =(AH6-AH5)/AH5 -> 0.012884044 | AK6: 45476 | AL6: 1255.6 | AM6: =(AL6-AL5)/AL5 -> 0.029011637 | AO6: 45476 | AP6: 235.7 | AQ6: =(AP6-AP5)/AP5 -> 0.015073213 | AS6: 45476 | AT6: 176.4 | AU6: =(AT6-AT5)/AT5 -> 0.010888252 | AW6: 45476 | AX6: 483.3 | AY6: =(AX6-AX5)/AX5 -> 0.030051151 | BA6: 45476 | BB6: 423.4 | BC6: =(BB6-BB5)/BB5 -> 0.00047258979 | BE6: 45476 | BF6: 629.3 | BG6: =(BF6-BF5)/BF5 -> -0.0091324201
A7: 45477 | B7: 1876.3 | C7: =(B7-B6)/B6 -> -0.0097635634 | E7: 45477 | F7: 883.05 | G7: =(F7-F6)/F6 -> 0.11299471 | I7: 45477 | J7: 404.1 | K7: =(J7-J6)/J6 -> 0.019167718 | M7: 45477 | N7: 722.45 | O7: =(N7-N6)/N6 -> 0.011338979 | Q7: 45477 | R7: 277.1 | S7: =(R7-R6)/R6 -> 0.0087368038 | U7: 45477 | V7: 208.9 | W7: =(V7-V6)/V6 -> -0.016941176 | Y7: 45477 | Z7: 861.1 | AA7: =(Z7-Z6)/Z6 -> 0.031257485 | AC7: 45477 | AD7: 1444.7 | AE7: =(AD7-AD6)/AD6 -> -0.0049590192 | AG7: 45474 | AH7: 100.9 | AI7: =(AH7-AH6)/AH6 -> -0.012720157 | AK7: 45477 | AL7: 1258.7 | AM7: =(AL7-AL6)/AL6 -> 0.0024689392 | AO7: 45477 | AP7: 241.4 | AQ7: =(AP7-AP6)/AP6 -> 0.024183284 | AS7: 45477 | AT7: 176.3 | AU7: =(AT7-AT6)/AT6 -> -0.00056689342 | AW7: 45477 | AX7: 484.8 | AY7: =(AX7-AX6)/AX6 -> 0.0031036623 | BA7: 45477 | BB7: 422.7 | BC7: =(BB7-BB6)/BB6 -> -0.0016532829 | BE7: 45477 | BF7: 629.1 | BG7: =(BF7-BF6)/BF6 -> -0.00031781344
A8: 45478 | B8: 1888.3 | C8: =(B8-B7)/B7 -> 0.0063955657 | E8: 45478 | F8: 905.3 | G8: =(F8-F7)/F7 -> 0.025196761 | I8: 45478 | J8: 395.7 | K8: =(J8-J7)/J7 -> -0.020786934 | M8: 45478 | N8: 750.2 | O8: =(N8-N7)/N7 -> 0.038410963 | Q8: 45478 | R8: 288.2 | S8: =(R8-R7)/R7 -> 0.040057741 | U8: 45478 | V8: 216.4 | W8: =(V8-V7)/V7 -> 0.035902346 | Y8: 45478 | Z8: 890.9 | AA8: =(Z8-Z7)/Z7 -> 0.034606898 | AC8: 45478 | AD8: 1452.8 | AE8: =(AD8-AD7)/AD7 -> 0.0056067004 | AG8: 45475 | AH8: 102.2 | AI8: =(AH8-AH7)/AH7 -> 0.012884044 | AK8: 45478 | AL8: 1263.1 | AM8: =(AL8-AL7)/AL7 -> 0.0034956701 | AO8: 45478 | AP8: 246 | AQ8: =(AP8-AP7)/AP7 -> 0.01905551 | AS8: 45478 | AT8: 174.7 | AU8: =(AT8-AT7)/AT7 -> -0.0090754396 | AW8: 45478 | AX8: 486.2 | AY8: =(AX8-AX7)/AX7 -> 0.0028877888 | BA8: 45478 | BB8: 414.4 | BC8: =(BB8-BB7)/BB7 -> -0.019635675 | BE8: 45478 | BF8: 631.4 | BG8: =(BF8-BF7)/BF7 -> 0.0036560165
A9: 45481 | B9: 1857.2 | C9: =(B9-B8)/B8 -> -0.016469841 | E9: 45481 | F9: 917.7 | G9: =(F9-F8)/F8 -> 0.013697117 | I9: 45481 | J9: 385.8 | K9: =(J9-J8)/J8 -> -0.025018954 | M9: 45481 | N9: 783.1 | O9: =(N9-N8)/N8 -> 0.043854972 | Q9: 45481 | R9: 299.2 | S9: =(R9-R8)/R8 -> 0.038167939 | U9: 45481 | V9: 213.8 | W9: =(V9-V8)/V8 -> -0.012014787 | Y9: 45481 | Z9: 881.4 | AA9: =(Z9-Z8)/Z8 -> -0.010663374 | AC9: 45481 | AD9: 1459.7 | AE9: =(AD9-AD8)/AD8 -> 0.0047494493 | AG9: 45476 | AH9: 100.9 | AI9: =(AH9-AH8)/AH8 -> -0.012720157 | AK9: 45481 | AL9: 1238.5 | AM9: =(AL9-AL8)/AL8 -> -0.019475893 | AO9: 45481 | AP9: 246.8 | AQ9: =(AP9-AP8)/AP8 -> 0.0032520325 | AS9: 45481 | AT9: 172.3 | AU9: =(AT9-AT8)/AT8 -> -0.013737836 | AW9: 45481 | AX9: 483.6 | AY9: =(AX9-AX8)/AX8 -> -0.0053475936 | BA9: 45481 | BB9: 417.5 | BC9: =(BB9-BB8)/BB8 -> 0.007480695 | BE9: 45481 | BF9: 641.3 | BG9: =(BF9-BF8)/BF8 -> 0.015679443
A10: 45482 | B10: 1843.8 | C10: =(B10-B9)/B9 -> -0.0072151626 | E10: 45482 | F10: 907.1 | G10: =(F10-F9)/F9 -> -0.011550616 | I10: 45482 | J10: 385 | K10: =(J10-J9)/J9 -> -0.0020736133 | M10: 45482 | N10: 744.9 | O10: =(N10-N9)/N9 -> -0.048780488 | Q10: 45482 | R10: 297.5 | S10: =(R10-R9)/R9 -> -0.0056818182 | U10: 45482 | V10: 216.8 | W10: =(V10-V9)/V9 -> 0.014031805 | Y10: 45482 | Z10: 878.1 | AA10: =(Z10-Z9)/Z9 -> -0.0037440436 | AC10: 45482 | AD10: 1469 | AE10: =(AD10-AD9)/AD9 -> 0.0063711722 | AG10: 45478 | AH10: 100.4 | AI10: =(AH10-AH9)/AH9 -> -0.0049554014 | AK10: 45482 | AL10: 1236.3 | AM10: =(AL10-AL9)/AL9 -> -0.0017763423 | AO10: 45482 | AP10: 268.5 | AQ10: =(AP10-AP9)/AP9 -> 0.087925446 | AS10: 45482 | AT10: 171.8 | AU10: =(AT10-AT9)/AT9 -> -0.0029019153 | AW10: 45482 | AX10: 516.9 | AY10: =(AX10-AX9)/AX9 -> 0.068858561 | BA10: 45482 | BB10: 431.5 | BC10: =(BB10-BB9)/BB9 -> 0.033532934 | BE10: 45482 | BF10: 640.3 | BG10: =(BF10-BF9)/BF9 -> -0.0015593326
A11: 45483 | B11: 1854.8 | C11: =(B11-B10)/B10 -> 0.0059659399 | E11: 45483 | F11: 901.2 | G11: =(F11-F10)/F10 -> -0.0065042443 | I11: 45483 | J11: 382.9 | K11: =(J11-J10)/J10 -> -0.0054545455 | M11: 45483 | N11: 720.25 | O11: =(N11-N10)/N10 -> -0.03309169 | Q11: 45483 | R11: 298.2 | S11: =(R11-R10)/R10 -> 0.0023529412 | U11: 45483 | V11: 211.1 | W11: =(V11-V10)/V10 -> -0.026291513 | Y11: 45483 | Z11: 878.5 | AA11: =(Z11-Z10)/Z10 -> 0.00045552898 | AC11: 45483 | AD11: 1485.1 | AE11: =(AD11-AD10)/AD10 -> 0.010959837 | AG11: 45481 | AH11: 102.9 | AI11: =(AH11-AH10)/AH10 -> 0.024900398 | AK11: 45483 | AL11: 1227 | AM11: =(AL11-AL10)/AL10 -> -0.007522446 | AO11: 45483 | AP11: 272.9 | AQ11: =(AP11-AP10)/AP10 -> 0.016387337 | AS11: 45483 | AT11: 168 | AU11: =(AT11-AT10)/AT10 -> -0.022118743 | AW11: 45483 | AX11: 510.7 | AY11: =(AX11-AX10)/AX10 -> -0.011994583 | BA11: 45483 | BB11: 416.7 | BC11: =(BB11-BB10)/BB10 -> -0.034298957 | BE11: 45483 | BF11: 641.7 | BG11: =(BF11-BF10)/BF10 -> 0.0021864751
A12: 45484 | B12: 1869 | C12: =(B12-B11)/B11 -> 0.0076558119 | E12: 45484 | F12: 879.65 | G12: =(F12-F11)/F11 -> -0.023912561 | I12: 45484 | J12: 394.3 | K12: =(J12-J11)/J11 -> 0.029772787 | M12: 45484 | N12: 752 | O12: =(N12-N11)/N11 -> 0.044081916 | Q12: 45484 | R12: 304.8 | S12: =(R12-R11)/R11 -> 0.022132797 | U12: 45484 | V12: 224.6 | W12: =(V12-V11)/V11 -> 0.063950734 | Y12: 45484 | Z12: 882.2 | AA12: =(Z12-Z11)/Z11 -> 0.0042117245 | AC12: 45484 | AD12: 1512.8 | AE12: =(AD12-AD11)/AD11 -> 0.018651943 | AG12: 45482 | AH12: 101.3 | AI12: =(AH12-AH11)/AH11 -> -0.015549077 | AK12: 45484 | AL12: 1223.6 | AM12: =(AL12-AL11)/AL11 -> -0.0027709861 | AO12: 45484 | AP12: 280.8 | AQ12: =(AP12-AP11)/AP11 -> 0.028948333 | AS12: 45484 | AT12: 168.9 | AU12: =(AT12-AT11)/AT11 -> 0.0053571429 | AW12: 45484 | AX12: 507.3 | AY12: =(AX12-AX11)/AX11 -> -0.0066575289 | BA12: 45484 | BB12: 444.1 | BC12: =(BB12-BB11)/BB11 -> 0.06575474 | BE12: 45484 | BF12: 645.5 | BG12: =(BF12-BF11)/BF11 -> 0.0059217703
A13: 45485 | B13: 1859.5 | C13: =(B13-B12)/B12 -> -0.005082932 | E13: 45485 | F13: 844.25 | G13: =(F13-F12)/F12 -> -0.040243279 | I13: 45485 | J13: 392 | K13: =(J13-J12)/J12 -> -0.005833122 | M13: 45485 | N13: 742.35 | O13: =(N13-N12)/N12 -> -0.012832447 | Q13: 45485 | R13: 307.1 | S13: =(R13-R12)/R12 -> 0.0075459318 | U13: 45485 | V13: 232.2 | W13: =(V13-V12)/V12 -> 0.033837934 | Y13: 45485 | Z13: 878.4 | AA13: =(Z13-Z12)/Z12 -> -0.0043074133 | AC13: 45485 | AD13: 1520 | AE13: =(AD13-AD12)/AD12 -> 0.0047593866 | AG13: 45483 | AH13: 102.9 | AI13: =(AH13-AH12)/AH12 -> 0.015794669 | AK13: 45485 | AL13: 1236.5 | AM13: =(AL13-AL12)/AL12 -> 0.010542661 | AO13: 45485 | AP13: 274 | AQ13: =(AP13-AP12)/AP12 -> -0.024216524 | AS13: 45485 | AT13: 168.7 | AU13: =(AT13-AT12)/AT12 -> -0.0011841326 | AW13: 45485 | AX13: 498.2 | AY13: =(AX13-AX12)/AX12 -> -0.017938104 | BA13: 45485 | BB13: 431.5 | BC13: =(BB13-BB12)/BB12 -> -0.028371988 | BE13: 45485 | BF13: 643.7 | BG13: =(BF13-BF12)/BF12 -> -0.002788536
A14: 45488 | B14: 1871.2 | C14: =(B14-B13)/B13 -> 0.006292014 | E14: 45488 | F14: 838.6 | G14: =(F14-F13)/F13 -> -0.0066923305 | I14: 45488 | J14: 396.6 | K14: =(J14-J13)/J13 -> 0.011734694 | M14: 45488 | N14: 771.75 | O14: =(N14-N13)/N13 -> 0.03960396 | Q14: 45488 | R14: 322.5 | S14: =(R14-R13)/R13 -> 0.050146532 | U14: 45488 | V14: 231.2 | W14: =(V14-V13)/V13 -> -0.0043066322 | Y14: 45488 | Z14: 886.1 | AA14: =(Z14-Z13)/Z13 -> 0.0087659381 | AC14: 45488 | AD14: 1531 | AE14: =(AD14-AD13)/AD13 -> 0.0072368421 | AG14: 45484 | AH14: 108.4 | AI14: =(AH14-AH13)/AH13 -> 0.053449951 | AK14: 45488 | AL14: 1192.9 | AM14: =(AL14-AL13)/AL13 -> -0.035260817 | AO14: 45488 | AP14: 271.2 | AQ14: =(AP14-AP13)/AP13 -> -0.010218978 | AS14: 45488 | AT14: 166.8 | AU14: =(AT14-AT13)/AT13 -> -0.011262596 | AW14: 45488 | AX14: 499.7 | AY14: =(AX14-AX13)/AX13 -> 0.003010839 | BA14: 45488 | BB14: 429.2 | BC14: =(BB14-BB13)/BB13 -> -0.0053302433 | BE14: 45488 | BF14: 643.5 | BG14: =(BF14-BF13)/BF13 -> -0.00031070374
A15: 45489 | B15: 1851.1 | C15: =(B15-B14)/B14 -> -0.01074177 | E15: 45489 | F15: 829.75 | G15: =(F15-F14)/F14 -> -0.010553303 | I15: 45489 | J15: 406.9 | K15: =(J15-J14)/J14 -> 0.025970751 | M15: 45489 | N15: 767 | O15: =(N15-N14)/N14 -> -0.0061548429 | Q15: 45489 | R15: 322.7 | S15: =(R15-R14)/R14 -> 0.00062015504 | U15: 45489 | V15: 236.6 | W15: =(V15-V14)/V14 -> 0.023356401 | Y15: 45489 | Z15: 888 | AA15: =(Z15-Z14)/Z14 -> 0.0021442275 | AC15: 45489 | AD15: 1521.7 | AE15: =(AD15-AD14)/AD14 -> -0.0060744611 | AG15: 45485 | AH15: 109.9 | AI15: =(AH15-AH14)/AH14 -> 0.013837638 | AK15: 45489 | AL15: 1209.6 | AM15: =(AL15-AL14)/AL14 -> 0.013999497 | AO15: 45489 | AP15: 285.6 | AQ15: =(AP15-AP14)/AP14 -> 0.053097345 | AS15: 45489 | AT15: 167.1 | AU15: =(AT15-AT14)/AT14 -> 0.0017985612 | AW15: 45489 | AX15: 499.3 | AY15: =(AX15-AX14)/AX14 -> -0.00080048029 | BA15: 45489 | BB15: 443.9 | BC15: =(BB15-BB14)/BB14 -> 0.034249767 | BE15: 45489 | BF15: 638.7 | BG15: =(BF15-BF14)/BF14 -> -0.0074592075
A16: 45491 | B16: 1870.5 | C16: =(B16-B15)/B15 -> 0.010480255 | E16: 45491 | F16: 807.4 | G16: =(F16-F15)/F15 -> -0.026935824 | I16: 45491 | J16: 419 | K16: =(J16-J15)/J15 -> 0.029737036 | M16: 45491 | N16: 730.4 | O16: =(N16-N15)/N15 -> -0.047718383 | Q16: 45491 | R16: 331.7 | S16: =(R16-R15)/R15 -> 0.027889681 | U16: 45491 | V16: 247.8 | W16: =(V16-V15)/V15 -> 0.047337278 | Y16: 45491 | Z16: 890 | AA16: =(Z16-Z15)/Z15 -> 0.0022522523 | AC16: 45491 | AD16: 1493.3 | AE16: =(AD16-AD15)/AD15 -> -0.018663337 | AG16: 45488 | AH16: 110.7 | AI16: =(AH16-AH15)/AH15 -> 0.0072793449 | AK16: 45491 | AL16: 1202 | AM16: =(AL16-AL15)/AL15 -> -0.0062830688 | AO16: 45491 | AP16: 279.9 | AQ16: =(AP16-AP15)/AP15 -> -0.019957983 | AS16: 45491 | AT16: 166.4 | AU16: =(AT16-AT15)/AT15 -> -0.0041891083 | AW16: 45491 | AX16: 485.3 | AY16: =(AX16-AX15)/AX15 -> -0.028039255 | BA16: 45491 | BB16: 433.9 | BC16: =(BB16-BB15)/BB15 -> -0.022527596 | BE16: 45491 | BF16: 627.9 | BG16: =(BF16-BF15)/BF15 -> -0.016909347
... A67: 45565 | B67: 2134.8 | C67: =(B67-B66)/B66 -> 0.0039031272 | E67: 45565 | F67: 1028 | G67: =(F67-F66)/F66 -> -0.01589125 | I67: 45565 | J67: 392.6 | K67: =(J67-J66)/J66 -> 0.000509684 | M67: 45565 | N67: 845.6 | O67: =(N67-N66)/N66 -> -0.035033664 | Q67: 45565 | R67: 297.6 | S67: =(R67-R66)/R66 -> 0.001345895 | U67: 45565 | V67: 231.1 | W67: =(V67-V66)/V66 -> -0.022005925 | Y67: 45565 | Z67: 875.4 | AA67: =(Z67-Z66)/Z66 -> 0.019566737 | AC67: 45565 | AD67: 1845.1 | AE67: =(AD67-AD66)/AD66 -> -0.011571222 | AG67: 45560 | AH67: 102.7 | AI67: =(AH67-AH66)/AH66 -> -0.0086872587 | AK67: 45565 | AL67: 1158.1 | AM67: =(AL67-AL66)/AL66 -> -0.0052396495 | AO67: 45565 | AP67: 443 | AQ67: =(AP67-AP66)/AP66 -> 0.0086520947 | AS67: 45565 | AT67: 168.6 | AU67: =(AT67-AT66)/AT66 -> 0.012004802 | AW67: 45565 | AX67: 557.8 | AY67: =(AX67-AX66)/AX66 -> 0.00089718285 | BA67: 45565 | BB67: 493.5 | BC67: =(BB67-BB66)/BB66 -> 0.0012172855 | BE67: 45565 | BF67: 616.8 | BG67: =(BF67-BF66)/BF66 -> 0.0093274423

Sheet q3 Returns
A2: TATACOMM | E2: NELCO | I2: INDUSTOWER | M2: ANTELOPUS | Q2: ONGC | U2: HINDOILEXP | Z2: TTKPRESTIG | AD2: VOLTAS | AH2: WHR | AL2: MAITHANALL | AP2: SARDAEN | AT2: TATASTEEL | AX2: WELENT | BB2: INDIANHUME
A3: Date | B3: Close | C3: Returns | E3: Date | F3: Close | G3: Returns | I3: Date | J3: Close | K3: Returns | M3: Date | N3: Close | O3: Returns | Q3: Date | R3: Close | S3: Returns | U3: Date | V3: Close | W3: Returns | Z3: TTKPRESTIG | AA3: Close | AB3: Returns | AD3: VOLTAS | AE3: Close | AF3: Returns | AH3: WHR | AI3: Close | AJ3: Returns | AL3: MAITHANALL | AM3: Close | AN3: Returns | AP3: SARDAEN | AQ3: Close | AR3: Returns | AT3: TATASTEEL | AU3: Close | AV3: Returns | AX3: WELENT | AY3: Close | AZ3: Returns | BB3: INDIANHUME | BC3: Close | BD3: Returns | BF3: JINDRILL | BG3: Close | BH3: Returns
A4: 45566 | B4: 2158.8 | E4: 45566 | F4: 1044.8 | I4: 45566 | J4: 384.1 | M4: 45566 | N4: 883.2 | Q4: 45566 | R4: 292 | U4: 45566 | V4: 231.3 | Z4: 45566 | AA4: 885.3 | AD4: 45566 | AE4: 1854.6 | AH4: 45561 | AI4: 106.6 | AL4: 45566 | AM4: 1184.1 | AP4: 45566 | AQ4: 451.3 | AT4: 45566 | AU4: 167 | AX4: 45566 | AY4: 568.5 | BB4: 45566 | BC4: 490.4 | BF4: 45566 | BG4: 610.3
A5: 45568 | B5: 2143.1 | C5: =(B5-B4)/B4 -> -0.0072725588 | E5: 45568 | F5: 1001.2 | G5: =(F5-F4)/F4 -> -0.041730475 | I5: 45568 | J5: 377.6 | K5: =(J5-J4)/J4 -> -0.016922676 | M5: 45568 | N5: 862.3 | O5: =(N5-N4)/N4 -> -0.023663949 | Q5: 45568 | R5: 292.1 | S5: =(R5-R4)/R4 -> 0.00034246575 | U5: 45568 | V5: 235.2 | W5: =(V5-V4)/V4 -> 0.016861219 | Z5: 45568 | AA5: 896 | AB5: =(AA5-AA4)/AA4 -> 0.012086298 | AD5: 45568 | AE5: 1845.7 | AF5: =(AE5-AE4)/AE4 -> -0.0047988785 | AH5: 45562 | AI5: 107.7 | AL5: 45568 | AM5: 1139.2 | AN5: =(AM5-AM4)/AM4 -> -0.037919095 | AP5: 45568 | AQ5: 492 | AR5: =(AQ5-AQ4)/AQ4 -> 0.090183913 | AT5: 45568 | AU5: 167 | AV5: =(AU5-AU4)/AU4 -> 0 | AX5: 45568 | AY5: 561.4 | AZ5: =(AY5-AY4)/AY4 -> -0.012489006 | BB5: 45568 | BC5: 484.6 | BD5: =-(BC5-BC4)/BC4 -> 0.01182708 | BF5: 45568 | BG5: 607.3 | BH5: =(BG5-BG4)/BG4 -> -0.0049156153
A6: 45569 | B6: 2082.1 | C6: =(B6-B5)/B5 -> -0.028463441 | E6: 45569 | F6: 973.35 | G6: =(F6-F5)/F5 -> -0.02781662 | I6: 45569 | J6: 372.2 | K6: =(J6-J5)/J5 -> -0.014300847 | M6: 45569 | N6: 883.9 | O6: =(N6-N5)/N5 -> 0.025049287 | Q6: 45569 | R6: 295.3 | S6: =(R6-R5)/R5 -> 0.010955152 | U6: 45569 | V6: 237.4 | W6: =(V6-V5)/V5 -> 0.0093537415 | Z6: 45569 | AA6: 903.2 | AB6: =(AA6-AA5)/AA5 -> 0.0080357143 | AD6: 45569 | AE6: 1809.6 | AF6: =(AE6-AE5)/AE5 -> -0.019558975 | AH6: 45565 | AI6: 107 | AL6: 45569 | AM6: 1126.3 | AN6: =(AM6-AM5)/AM5 -> -0.011323736 | AP6: 45569 | AQ6: 480.2 | AR6: =(AQ6-AQ5)/AQ5 -> -0.02398374 | AT6: 45569 | AU6: 166.8 | AV6: =(AU6-AU5)/AU5 -> -0.0011976048 | AX6: 45569 | AY6: 542.2 | BB6: 45569 | BC6: 477.1 | BF6: 45569 | BG6: 602.1
A7: 45572 | B7: 1980 | C7: =(B7-B6)/B6 -> -0.04903703 | E7: 45572 | F7: 945 | G7: =(F7-F6)/F6 -> -0.029126214 | I7: 45572 | J7: 361.2 | K7: =(J7-J6)/J6 -> -0.029554003 | M7: 45572 | N7: 838.8 | O7: =(N7-N6)/N6 -> -0.051023871 | Q7: 45572 | R7: 289.5 | S7: =(R7-R6)/R6 -> -0.019641043 | U7: 45572 | V7: 220 | W7: =(V7-V6)/V6 -> -0.073294019 | Z7: 45572 | AA7: 893.8 | AB7: =(AA7-AA6)/AA6 -> -0.01040744 | AD7: 45572 | AE7: 1757.2 | AF7: =(AE7-AE6)/AE6 -> -0.028956676 | AH7: 45566 | AI7: 106.9 | AL7: 45572 | AM7: 1079.6 | AN7: =(AM7-AM6)/AM6 -> -0.041463198 | AP7: 45572 | AQ7: 459.1 | AR7: =(AQ7-AQ6)/AQ6 -> -0.043940025 | AT7: 45572 | AU7: 164.4 | AV7: =(AU7-AU6)/AU6 -> -0.014388489 | AX7: 45572 | AY7: 524.9 | BB7: 45572 | BC7: 436.9 | BF7: 45572 | BG7: 585.8
A8: 45573 | B8: 2004.2 | C8: =(B8-B7)/B7 -> 0.012222222 | E8: 45573 | F8: 1001.7 | G8: =(F8-F7)/F7 -> 0.06 | I8: 45573 | J8: 370 | K8: =(J8-J7)/J7 -> 0.024363234 | M8: 45573 | N8: 857.2 | O8: =(N8-N7)/N7 -> 0.021936099 | Q8: 45573 | R8: 293.5 | S8: =(R8-R7)/R7 -> 0.013816926 | U8: 45573 | V8: 228.1 | W8: =(V8-V7)/V7 -> 0.036818182 | Z8: 45573 | AA8: 878.7 | AB8: =(AA8-AA7)/AA7 -> -0.01689416 | AD8: 45573 | AE8: 1800.9 | AF8: =(AE8-AE7)/AE7 -> 0.02486911 | AH8: 45567 | AI8: 105.2 | AL8: 45573 | AM8: 1083.5 | AN8: =(AM8-AM7)/AM7 -> 0.0036124491 | AP8: 45573 | AQ8: 480.1 | AR8: =(AQ8-AQ7)/AQ7 -> 0.045741668 | AT8: 45573 | AU8: 159.5 | AV8: =(AU8-AU7)/AU7 -> -0.029805353 | AX8: 45573 | AY8: 538.8 | BB8: 45573 | BC8: 473.8 | BF8: 45573 | BG8: 589.4
A9: 45574 | B9: 1949.4 | C9: =(B9-B8)/B8 -> -0.027342581 | E9: 45574 | F9: 996.15 | G9: =(F9-F8)/F8 -> -0.005540581 | I9: 45574 | J9: 373.5 | K9: =(J9-J8)/J8 -> 0.0094594595 | M9: 45574 | N9: 861.2 | O9: =(N9-N8)/N8 -> 0.0046663556 | Q9: 45574 | R9: 288.5 | S9: =(R9-R8)/R8 -> -0.017035775 | U9: 45574 | V9: 223.7 | W9: =(V9-V8)/V8 -> -0.019289785 | Z9: 45574 | AA9: 874.7 | AB9: =(AA9-AA8)/AA8 -> -0.0045521794 | AD9: 45574 | AE9: 1786.5 | AF9: =(AE9-AE8)/AE8 -> -0.007996002 | AH9: 45568 | AI9: 104.8 | AL9: 45574 | AM9: 1077.7 | AN9: =(AM9-AM8)/AM8 -> -0.0053530226 | AP9: 45574 | AQ9: 497.2 | AR9: =(AQ9-AQ8)/AQ8 -> 0.03561758 | AT9: 45574 | AU9: 159.1 | AV9: =(AU9-AU8)/AU8 -> -0.002507837 | AX9: 45574 | AY9: 554.1 | BB9: 45574 | BC9: 471.9 | BF9: 45574 | BG9: 593.2
A10: 45575 | B10: 1951.8 | C10: =(B10-B9)/B9 -> 0.001231148 | E10: 45575 | F10: 1006.6 | G10: =(F10-F9)/F9 -> 0.010490388 | I10: 45575 | J10: 378.9 | K10: =(J10-J9)/J9 -> 0.014457831 | M10: 45575 | N10: 868.8 | O10: =(N10-N9)/N9 -> 0.0088248955 | Q10: 45575 | R10: 288.8 | S10: =(R10-R9)/R9 -> 0.0010398614 | U10: 45575 | V10: 221.3 | W10: =(V10-V9)/V9 -> -0.010728654 | Z10: 45575 | AA10: 874.3 | AB10: =(AA10-AA9)/AA9 -> -0.00045729965 | AD10: 45575 | AE10: 1776.7 | AF10: =(AE10-AE9)/AE9 -> -0.0054855863 | AH10: 45569 | AI10: 104.2 | AL10: 45575 | AM10: 1084.8 | AN10: =(AM10-AM9)/AM9 -> 0.0065881043 | AP10: 45575 | AQ10: 498.3 | AR10: =(AQ10-AQ9)/AQ9 -> 0.0022123894 | AT10: 45575 | AU10: 159.7 | AV10: =(AU10-AU9)/AU9 -> 0.0037712131 | AX10: 45575 | AY10: 560.7 | BB10: 45575 | BC10: 465.6 | BF10: 45575 | BG10: 609.9
A11: 45576 | B11: 1963.8 | C11: =(B11-B10)/B10 -> 0.0061481709 | E11: 45576 | F11: 1002.3 | G11: =(F11-F10)/F10 -> -0.0042718061 | I11: 45576 | J11: 378.5 | K11: =(J11-J10)/J10 -> -0.0010556875 | M11: 45576 | N11: 845.5 | O11: =(N11-N10)/N10 -> -0.0268186 | Q11: 45576 | R11: 292.6 | S11: =(R11-R10)/R10 -> 0.013157895 | U11: 45576 | V11: 217.8 | W11: =(V11-V10)/V10 -> -0.015815635 | Z11: 45576 | AA11: 873.6 | AB11: =(AA11-AA10)/AA10 -> -0.00080064051 | AD11: 45576 | AE11: 1789.5 | AF11: =(AE11-AE10)/AE10 -> 0.0072043676 | AH11: 45572 | AI11: 103.2 | AL11: 45576 | AM11: 1084.6 | AN11: =(AM11-AM10)/AM10 -> -0.00018436578 | AP11: 45576 | AQ11: 499.5 | AR11: =(AQ11-AQ10)/AQ10 -> 0.0024081878 | AT11: 45576 | AU11: 160.7 | AV11: =(AU11-AU10)/AU10 -> 0.0062617408 | AX11: 45576 | AY11: 557.4 | BB11: 45576 | BC11: 471.9 | BF11: 45576 | BG11: 608
A12: 45579 | B12: 1951.4 | C12: =(B12-B11)/B11 -> -0.0063142886 | E12: 45579 | F12: 1004 | G12: =(F12-F11)/F11 -> 0.001696099 | I12: 45579 | J12: 386.9 | K12: =(J12-J11)/J11 -> 0.022192867 | M12: 45579 | N12: 831.6 | O12: =(N12-N11)/N11 -> -0.016439976 | Q12: 45579 | R12: 286.5 | S12: =(R12-R11)/R11 -> -0.020847573 | U12: 45579 | V12: 219.8 | W12: =(V12-V11)/V11 -> 0.0091827365 | Z12: 45579 | AA12: 885.9 | AB12: =(AA12-AA11)/AA11 -> 0.01407967 | AD12: 45579 | AE12: 1794.5 | AF12: =(AE12-AE11)/AE11 -> 0.0027940766 | AH12: 45573 | AI12: 103.5 | AL12: 45579 | AM12: 1079.8 | AN12: =(AM12-AM11)/AM11 -> -0.0044255947 | AP12: 45579 | AQ12: 512.2 | AR12: =(AQ12-AQ11)/AQ11 -> 0.025425425 | AT12: 45579 | AU12: 158.3 | AV12: =(AU12-AU11)/AU11 -> -0.014934661 | AX12: 45579 | AY12: 549.8 | BB12: 45579 | BC12: 461.9 | BF12: 45579 | BG12: 604.7
A13: 45580 | B13: 1931.3 | C13: =(B13-B12)/B12 -> -0.010300297 | E13: 45580 | F13: 995.15 | G13: =(F13-F12)/F12 -> -0.008814741 | I13: 45580 | J13: 385.9 | K13: =(J13-J12)/J12 -> -0.0025846472 | M13: 45580 | N13: 849.5 | O13: =(N13-N12)/N12 -> 0.021524772 | Q13: 45580 | R13: 283.7 | S13: =(R13-R12)/R12 -> -0.0097731239 | U13: 45580 | V13: 224.5 | W13: =(V13-V12)/V12 -> 0.021383076 | Z13: 45580 | AA13: 874.8 | AB13: =(AA13-AA12)/AA12 -> -0.012529631 | AD13: 45580 | AE13: 1811.1 | AF13: =(AE13-AE12)/AE12 -> 0.0092504876 | AH13: 45574 | AI13: 104.7 | AL13: 45580 | AM13: 1085.9 | AN13: =(AM13-AM12)/AM12 -> 0.0056491943 | AP13: 45580 | AQ13: 511.7 | AR13: =(AQ13-AQ12)/AQ12 -> -0.00097618118 | AT13: 45580 | AU13: 155.6 | AV13: =(AU13-AU12)/AU12 -> -0.017056222 | AX13: 45580 | AY13: 559.4 | BB13: 45580 | BC13: 462.9 | BF13: 45580 | BG13: 603.4
A14: 45581 | B14: 1922.5 | C14: =(B14-B13)/B13 -> -0.0045565163 | E14: 45581 | F14: 994.7 | G14: =(F14-F13)/F13 -> -0.00045219314 | I14: 45581 | J14: 388.3 | K14: =(J14-J13)/J13 -> 0.0062192278 | M14: 45581 | N14: 843.9 | O14: =(N14-N13)/N13 -> -0.006592113 | Q14: 45581 | R14: 285.4 | S14: =(R14-R13)/R13 -> 0.0059922453 | U14: 45581 | V14: 219.7 | W14: =(V14-V13)/V13 -> -0.021380846 | Z14: 45581 | AA14: 875.3 | AB14: =(AA14-AA13)/AA13 -> 0.00057155921 | AD14: 45581 | AE14: 1881.3 | AF14: =(AE14-AE13)/AE13 -> 0.038760974 | AH14: 45575 | AI14: 103.2 | AL14: 45581 | AM14: 1087.5 | AN14: =(AM14-AM13)/AM13 -> 0.0014734322 | AP14: 45581 | AQ14: 507.3 | AR14: =(AQ14-AQ13)/AQ13 -> -0.0085987884 | AT14: 45581 | AU14: 155.2 | AV14: =(AU14-AU13)/AU13 -> -0.0025706941 | AX14: 45581 | AY14: 554.6 | BB14: 45581 | BC14: 474.1 | BF14: 45581 | BG14: 608.5
A15: 45582 | B15: 1830.1 | C15: =(B15-B14)/B14 -> -0.048062419 | E15: 45582 | F15: 965.2 | G15: =(F15-F14)/F14 -> -0.029657183 | I15: 45582 | J15: 384.8 | K15: =(J15-J14)/J14 -> -0.0090136492 | M15: 45582 | N15: 853.5 | O15: =(N15-N14)/N14 -> 0.011375755 | Q15: 45582 | R15: 281.6 | S15: =(R15-R14)/R14 -> -0.013314646 | U15: 45582 | V15: 216.8 | W15: =(V15-V14)/V14 -> -0.013199818 | Z15: 45582 | AA15: 898.3 | AB15: =(AA15-AA14)/AA14 -> 0.026276705 | AD15: 45582 | AE15: 1834.6 | AF15: =(AE15-AE14)/AE14 -> -0.024823261 | AH15: 45576 | AI15: 105.1 | AL15: 45582 | AM15: 1064.2 | AN15: =(AM15-AM14)/AM14 -> -0.021425287 | AP15: 45582 | AQ15: 498.5 | AR15: =(AQ15-AQ14)/AQ14 -> -0.017346738 | AT15: 45582 | AU15: 152.4 | AV15: =(AU15-AU14)/AU14 -> -0.018041237 | AX15: 45582 | AY15: 544.5 | BB15: 45582 | BC15: 461.8 | BF15: 45582 | BG15: 603.4
A16: 45583 | B16: 1873 | C16: =(B16-B15)/B15 -> 0.023441342 | E16: 45583 | F16: 969.65 | G16: =(F16-F15)/F15 -> 0.0046104434 | I16: 45583 | J16: 384.6 | K16: =(J16-J15)/J15 -> -0.00051975052 | M16: 45583 | N16: 857.9 | O16: =(N16-N15)/N15 -> 0.0051552431 | Q16: 45583 | R16: 283.3 | S16: =(R16-R15)/R15 -> 0.0060369318 | U16: 45583 | V16: 216.7 | W16: =(V16-V15)/V15 -> -0.00046125461 | Z16: 45583 | AA16: 894.8 | AB16: =(AA16-AA15)/AA15 -> -0.0038962485 | AD16: 45583 | AE16: 1865.3 | AF16: =(AE16-AE15)/AE15 -> 0.016733893 | AH16: 45579 | AI16: 104.2 | AL16: 45583 | AM16: 1054.4 | AN16: =(AM16-AM15)/AM15 -> -0.0092087953 | AP16: 45583 | AQ16: 506.6 | AR16: =(AQ16-AQ15)/AQ15 -> 0.016248746 | AT16: 45583 | AU16: 155.4 | AV16: =(AU16-AU15)/AU15 -> 0.019685039 | AX16: 45583 | AY16: 556.7 | BB16: 45583 | BC16: 468.9 | BF16: 45583 | BG16: 639.3
A17: 45586 | B17: 1852.9 | C17: =(B17-B16)/B16 -> -0.010731447 | E17: 45586 | F17: 960.9 | G17: =(F17-F16)/F16 -> -0.0090238746 | I17: 45586 | J17: 375.4 | K17: =(J17-J16)/J16 -> -0.023920957 | M17: 45586 | N17: 834.3 | O17: =(N17-N16)/N16 -> -0.027509034 | Q17: 45586 | R17: 276.6 | S17: =(R17-R16)/R16 -> -0.023649841 | U17: 45586 | V17: 210.6 | W17: =(V17-V16)/V16 -> -0.028149515 | Z17: 45586 | AA17: 877.7 | AB17: =(AA17-AA16)/AA16 -> -0.019110416 | AD17: 45586 | AE17: 1814 | AF17: =(AE17-AE16)/AE16 -> -0.027502278 | AH17: 45580 | AI17: 103.1 | AL17: 45586 | AM17: 1034.6 | AN17: =(AM17-AM16)/AM16 -> -0.018778452 | AP17: 45586 | AQ17: 490.4 | AR17: =(AQ17-AQ16)/AQ16 -> -0.031977892 | AT17: 45586 | AU17: 155 | AV17: =(AU17-AU16)/AU16 -> -0.0025740026 | AX17: 45586 | AY17: 546 | BB17: 45586 | BC17: 449.4 | BF17: 45586 | BG17: 642.4
... A64: 45657 | B64: 1703.4 | C64: =(B64-B63)/B63 -> 0.003712215 | E64: 45657 | F64: 1262.3 | G64: =(F64-F63)/F63 -> 0.0063780595 | I64: 45657 | J64: 341.8 | K64: =(J64-J63)/J63 -> 0.0049985298 | M64: 45657 | N64: 819.9 | O64: =(N64-N63)/N63 -> 0.0077433628 | Q64: 45657 | R64: 239.3 | S64: =(R64-R63)/R63 -> 0.028362699 | U64: 45657 | V64: 183.2 | W64: =(V64-V63)/V63 -> 0.013835086 | Z64: 45657 | AA64: 809.9 | AB64: =(AA64-AA63)/AA63 -> 0.0045894319 | AD64: 45657 | AE64: 1790 | AF64: =(AE64-AE63)/AE63 -> 0.010728402 | AH64: 45646 | AI64: 114.5 | AL64: 45657 | AM64: 1119.2 | AN64: =(AM64-AM63)/AM63 -> 0.012301013 | AP64: 45657 | AQ64: 482.7 | AR64: =(AQ64-AQ63)/AQ63 -> -0.0037151703 | AT64: 45657 | AU64: 138.1 | AV64: =(AU64-AU63)/AU63 -> 0.0087655223 | AX64: 45657 | AY64: 614.4 | BB64: 45657 | BC64: 360.2 | BF64: 45657 | BG64: 771
A65: 45561 | B65: 2145.2 | C65: =(B65-B64)/B64 -> 0.25936363 | F65: 45561 | G65: =(F65-F64)/F64 -> 35.093639 | I65: 1101 | K65: =(J65-J64)/J64 -> -1 | M65: 45561 | N65: 393.8 | O65: =(N65-N64)/N64 -> -0.51969752 | R65: 45561 | S65: =(R65-R64)/R64 -> 189.39281 | U65: 856 | W65: =(V65-V64)/V64 -> -1 | Z65: 45561 | AA65: 295.2 | AB65: =(AA65-AA64)/AA64 -> -0.63551056 | AE65: 45561 | AF65: =(AE65-AE64)/AE64 -> 24.453073 | AH65: 239 | AL65: 45561 | AM65: 879.5 | AN65: =(AM65-AM64)/AM64 -> -0.21417084 | AQ65: 45561 | AR65: =(AQ65-AQ64)/AQ64 -> 93.387819 | AT65: 1857 | AV65: =(AU65-AU64)/AU64 -> -1 | AX65: 45558 | AY65: 102.3 | BC65: 45561 | BF65: 1168
A66: 45562 | B66: 2126.5 | C66: =(B66-B65)/B65 -> -0.0087171359 | F66: 45562 | G66: =(F66-F65)/F65 -> 2.1948596e-05 | I66: 1044 | K66: =(J66-J65)/J65 -> #DIV/0! | M66: 45562 | N66: 392.4 | O66: =(N66-N65)/N65 -> -0.0035551041 | R66: 45562 | S66: =(R66-R65)/R65 -> 2.1948596e-05 | U66: 876 | W66: =(V66-V65)/V65 -> #DIV/0! | Z66: 45562 | AA66: 297.2 | AB66: =(AA66-AA65)/AA65 -> 0.0067750678 | AE66: 45562 | AF66: =(AE66-AE65)/AE65 -> 2.1948596e-05 | AH66: 236 | AL66: 45562 | AM66: 858.6 | AN66: =(AM66-AM65)/AM65 -> -0.023763502 | AQ66: 45562 | AR66: =(AQ66-AQ65)/AQ65 -> 2.1948596e-05 | AT66: 1866 | AV66: =(AU66-AU65)/AU65 -> #DIV/0! | AX66: 45559 | AY66: 103.6 | BC66: 45562 | BF66: 1164
A67: 45565 | B67: 2134.8 | C67: =(B67-B66)/B66 -> 0.0039031272 | F67: 45565 | G67: =(F67-F66)/F66 -> 6.5844344e-05 | I67: 1028 | K67: =(J67-J66)/J66 -> #DIV/0! | M67: 45565 | N67: 392.6 | O67: =(N67-N66)/N66 -> 0.000509684 | R67: 45565 | S67: =(R67-R66)/R66 -> 6.5844344e-05 | U67: 845 | W67: =(V67-V66)/V66 -> #DIV/0! | Z67: 45565 | AA67: 297.6 | AB67: =(AA67-AA66)/AA66 -> 0.001345895 | AE67: 45565 | AF67: =(AE67-AE66)/AE66 -> 6.5844344e-05 | AH67: 231 | AL67: 45565 | AM67: 875.4 | AN67: =(AM67-AM66)/AM66 -> 0.019566737 | AQ67: 45565 | AR67: =(AQ67-AQ66)/AQ66 -> 6.5844344e-05 | AT67: 1845 | AV67: =(AU67-AU66)/AU66 -> #DIV/0! | AX67: 45560 | AY67: 102.7 | BC67: 45565 | BF67: 1158

Sheet q4 Returns
A1: TELECOM | M1: OIL & GAS | Y1: COSUMER ELECTRONICS | AK1: METAL | AW1: CONSTRUCTION
A2: TATACOMM | E2: NELCO | I2: INDUSTOWER | M2: ANTELOPUS | Q2: ONGC | U2: HINDOILEXP | Y2: TTKPRESTIG | AC2: VOLTAS | AG2: WHR | AK2: MAITHANALL | AO2: SARDAEN | AS2: TATASTEEL | AW2: WELENT | BA2: INDIANHUME | BE2: JINDRILL
A3: Date | B3: Close | C3: Returns | E3: Date | F3: Close | G3: Returns | I3: Date | J3: Close | K3: Returns | M3: Date | N3: Close | O3: Returns | Q3: Date | R3: Close | S3: Returns | U3: Date | V3: Close | W3: Returns | Y3: Date | Z3: Close | AA3: Returns | AC3: Date | AD3: Close | AE3: Returns | AG3: Date | AH3: Close | AI3: Returns | AK3: Date | AL3: Close | AM3: Returns | AO3: Date | AP3: Close | AQ3: Returns | AS3: Date | AT3: Close | AU3: Returns | AW3: Date | AX3: Close | AY3: Returns | BA3: Date | BB3: Close | BC3: Returns | BE3: Date | BF3: Close | BG3: Returns
A4: 45658 | B4: 1725.7 | E4: 45658 | F4: 1352.7 | I4: 45658 | J4: 344 | M4: 45658 | N4: 823.6 | Q4: 45658 | R4: 237 | U4: 45658 | V4: 184.8 | Y4: 45658 | Z4: 805.9 | AC4: 45658 | AD4: 1827 | AG4: 45649 | AH4: 115.7 | AK4: 45658 | AL4: 1156.7 | AO4: 45658 | AP4: 482.4 | AS4: 45658 | AT4: 136.7 | AW4: 45658 | AX4: 601.1 | BA4: 45658 | BB4: 371.5 | BE4: 45658 | BF4: 793.9
A5: 45659 | B5: 1745.1 | C5: =(B5-B4)/B4 -> 0.011241815 | E5: 45659 | F5: 1357.3 | G5: =(F5-F4)/F4 -> 0.0034006062 | I5: 45659 | J5: 346.4 | K5: =(J5-J4)/J4 -> 0.0069767442 | M5: 45659 | N5: 867.6 | O5: =(N5-N4)/N4 -> 0.053423992 | Q5: 45659 | R5: 246.1 | S5: =(R5-R4)/R4 -> 0.038396624 | U5: 45659 | V5: 193.6 | W5: =(V5-V4)/V4 -> 0.047619048 | Y5: 45659 | Z5: 814.2 | AA5: =(Z5-Z4)/Z4 -> 0.010299045 | AC5: 45659 | AD5: 1835.8 | AE5: =(AD5-AD4)/AD4 -> 0.0048166393 | AG5: 45650 | AH5: 116.6 | AI5: =(AH5-AH4)/AH4 -> 0.0077787381 | AK5: 45659 | AL5: 1146 | AM5: =(AL5-AL4)/AL4 -> -0.0092504539 | AO5: 45659 | AP5: 479.2 | AQ5: =(AP5-AP4)/AP4 -> -0.0066334992 | AS5: 45659 | AT5: 138.2 | AU5: =(AT5-AT4)/AT4 -> 0.010972933 | AW5: 45659 | AX5: 643.5 | AY5: =(AX5-AX4)/AX4 -> 0.070537348 | BA5: 45659 | BB5: 378.7 | BC5: =(BB5-BB4)/BB4 -> 0.019380888 | BE5: 45659 | BF5: 792.7 | BG5: =(BF5-BF4)/BF4 -> -0.0015115254
A6: 45660 | B6: 1736.6 | C6: =(B6-B5)/B5 -> -0.004870781 | E6: 45660 | F6: 1377.9 | G6: =(F6-F5)/F5 -> 0.01517719 | I6: 45660 | J6: 344 | K6: =(J6-J5)/J5 -> -0.0069284065 | M6: 45660 | N6: 856.3 | O6: =(N6-N5)/N5 -> -0.013024435 | Q6: 45660 | R6: 258.9 | S6: =(R6-R5)/R5 -> 0.052011377 | U6: 45660 | V6: 198.7 | W6: =(V6-V5)/V5 -> 0.026342975 | Y6: 45660 | Z6: 822.1 | AA6: =(Z6-Z5)/Z5 -> 0.0097027757 | AC6: 45660 | AD6: 1824.7 | AE6: =(AD6-AD5)/AD5 -> -0.0060464103 | AG6: 45652 | AH6: 116 | AI6: =(AH6-AH5)/AH5 -> -0.0051457976 | AK6: 45660 | AL6: 1160.6 | AM6: =(AL6-AL5)/AL5 -> 0.012739965 | AO6: 45660 | AP6: 481.2 | AQ6: =(AP6-AP5)/AP5 -> 0.0041736227 | AS6: 45660 | AT6: 138.4 | AU6: =(AT6-AT5)/AT5 -> 0.001447178 | AW6: 45660 | AX6: 639.3 | AY6: =(AX6-AX5)/AX5 -> -0.0065268065 | BA6: 45660 | BB6: 379.1 | BC6: =(BB6-BB5)/BB5 -> 0.001056245 | BE6: 45660 | BF6: 781.8 | BG6: =(BF6-BF5)/BF5 -> -0.013750473
A7: 45663 | B7: 1691.2 | C7: =(B7-B6)/B6 -> -0.026143038 | E7: 45663 | F7: 1282.6 | G7: =(F7-F6)/F6 -> -0.069163219 | I7: 45663 | J7: 329.8 | K7: =(J7-J6)/J6 -> -0.04127907 | M7: 45663 | N7: 806.9 | O7: =(N7-N6)/N6 -> -0.057690062 | Q7: 45663 | R7: 254.4 | S7: =(R7-R6)/R6 -> -0.017381228 | U7: 45663 | V7: 187.7 | W7: =(V7-V6)/V6 -> -0.055359839 | Y7: 45663 | Z7: 809.8 | AA7: =(Z7-Z6)/Z6 -> -0.014961683 | AC7: 45663 | AD7: 1776 | AE7: =(AD7-AD6)/AD6 -> -0.026689319 | AG7: 45653 | AH7: 115.2 | AI7: =(AH7-AH6)/AH6 -> -0.0068965517 | AK7: 45663 | AL7: 1089.6 | AM7: =(AL7-AL6)/AL6 -> -0.061175254 | AO7: 45663 | AP7: 468 | AQ7: =(AP7-AP6)/AP6 -> -0.027431421 | AS7: 45663 | AT7: 132.2 | AU7: =(AT7-AT6)/AT6 -> -0.044797688 | AW7: 45663 | AX7: 610.2 | AY7: =(AX7-AX6)/AX6 -> -0.045518536 | BA7: 45663 | BB7: 358.3 | BC7: =(BB7-BB6)/BB6 -> -0.05486679 | BE7: 45663 | BF7: 751.2 | BG7: =(BF7-BF6)/BF6 -> -0.039140445
A8: 45664 | B8: 1686.5 | C8: =(B8-B7)/B7 -> -0.0027790918 | E8: 45664 | F8: 1330.4 | G8: =(F8-F7)/F7 -> 0.037268049 | I8: 45664 | J8: 328.2 | K8: =(J8-J7)/J7 -> -0.0048514251 | M8: 45664 | N8: 840.4 | O8: =(N8-N7)/N7 -> 0.041516917 | Q8: 45664 | R8: 263.5 | S8: =(R8-R7)/R7 -> 0.03577044 | U8: 45664 | V8: 192.1 | W8: =(V8-V7)/V7 -> 0.023441662 | Y8: 45664 | Z8: 817.6 | AA8: =(Z8-Z7)/Z7 -> 0.0096320079 | AC8: 45664 | AD8: 1779.7 | AE8: =(AD8-AD7)/AD7 -> 0.0020833333 | AG8: 45656 | AH8: 113.8 | AI8: =(AH8-AH7)/AH7 -> -0.012152778 | AK8: 45664 | AL8: 1113.4 | AM8: =(AL8-AL7)/AL7 -> 0.021842878 | AO8: 45664 | AP8: 484.8 | AQ8: =(AP8-AP7)/AP7 -> 0.035897436 | AS8: 45664 | AT8: 133.4 | AU8: =(AT8-AT7)/AT7 -> 0.0090771558 | AW8: 45664 | AX8: 651.2 | AY8: =(AX8-AX7)/AX7 -> 0.067191085 | BA8: 45664 | BB8: 377.1 | BC8: =(BB8-BB7)/BB7 -> 0.052469997 | BE8: 45664 | BF8: 797.9 | BG8: =(BF8-BF7)/BF7 -> 0.062167199
A9: 45665 | B9: 1704.7 | C9: =(B9-B8)/B8 -> 0.01079158 | E9: 45665 | F9: 1290.7 | G9: =(F9-F8)/F8 -> -0.029840649 | I9: 45665 | J9: 330.4 | K9: =(J9-J8)/J8 -> 0.0067032297 | M9: 45665 | N9: 820.8 | O9: =(N9-N8)/N8 -> -0.023322228 | Q9: 45665 | R9: 271.3 | S9: =(R9-R8)/R8 -> 0.029601518 | U9: 45665 | V9: 188.9 | W9: =(V9-V8)/V8 -> -0.016657991 | Y9: 45665 | Z9: 800 | AA9: =(Z9-Z8)/Z8 -> -0.021526419 | AC9: 45665 | AD9: 1764.5 | AE9: =(AD9-AD8)/AD8 -> -0.0085407653 | AG9: 45657 | AH9: 114.5 | AI9: =(AH9-AH8)/AH8 -> 0.0061511424 | AK9: 45665 | AL9: 1086.4 | AM9: =(AL9-AL8)/AL8 -> -0.024250045 | AO9: 45665 | AP9: 478.4 | AQ9: =(AP9-AP8)/AP8 -> -0.01320132 | AS9: 45665 | AT9: 132.6 | AU9: =(AT9-AT8)/AT8 -> -0.0059970015 | AW9: 45665 | AX9: 646.9 | AY9: =(AX9-AX8)/AX8 -> -0.0066031941 | BA9: 45665 | BB9: 370.1 | BC9: =(BB9-BB8)/BB8 -> -0.018562715 | BE9: 45665 | BF9: 793.1 | BG9: =(BF9-BF8)/BF8 -> -0.0060157915
A10: 45666 | B10: 1706.8 | C10: =(B10-B9)/B9 -> 0.0012318883 | E10: 45666 | F10: 1280.1 | G10: =(F10-F9)/F9 -> -0.0082125978 | I10: 45666 | J10: 330.8 | K10: =(J10-J9)/J9 -> 0.0012106538 | M10: 45666 | N10: 811.2 | O10: =(N10-N9)/N9 -> -0.011695906 | Q10: 45666 | R10: 263.2 | S10: =(R10-R9)/R9 -> -0.029856248 | U10: 45666 | V10: 186.2 | W10: =(V10-V9)/V9 -> -0.014293277 | Y10: 45666 | Z10: 798.5 | AA10: =(Z10-Z9)/Z9 -> -0.001875 | AC10: 45666 | AD10: 1727.9 | AE10: =(AD10-AD9)/AD9 -> -0.02074242 | AG10: 45659 | AH10: 115.1 | AI10: =(AH10-AH9)/AH9 -> 0.0052401747 | AK10: 45666 | AL10: 1086.4 | AM10: =(AL10-AL9)/AL9 -> 0 | AO10: 45666 | AP10: 471.7 | AQ10: =(AP10-AP9)/AP9 -> -0.014005017 | AS10: 45666 | AT10: 129.9 | AU10: =(AT10-AT9)/AT9 -> -0.020361991 | AW10: 45666 | AX10: 638.8 | AY10: =(AX10-AX9)/AX9 -> -0.012521255 | BA10: 45666 | BB10: 370.6 | BC10: =(BB10-BB9)/BB9 -> 0.0013509862 | BE10: 45666 | BF10: 761.5 | BG10: =(BF10-BF9)/BF9 -> -0.039843651
A11: 45667 | B11: 1718.9 | C11: =(B11-B10)/B10 -> 0.0070892899 | E11: 45667 | F11: 1237.3 | G11: =(F11-F10)/F10 -> -0.033434888 | I11: 45667 | J11: 320.4 | K11: =(J11-J10)/J10 -> -0.031438936 | M11: 45667 | N11: 793.8 | O11: =(N11-N10)/N10 -> -0.021449704 | Q11: 45667 | R11: 263 | S11: =(R11-R10)/R10 -> -0.00075987842 | U11: 45667 | V11: 189.7 | W11: =(V11-V10)/V10 -> 0.018796992 | Y11: 45667 | Z11: 785.7 | AA11: =(Z11-Z10)/Z10 -> -0.016030056 | AC11: 45667 | AD11: 1663.5 | AE11: =(AD11-AD10)/AD10 -> -0.037270675 | AG11: 45660 | AH11: 115 | AI11: =(AH11-AH10)/AH10 -> -0.00086880973 | AK11: 45667 | AL11: 1052.9 | AM11: =(AL11-AL10)/AL10 -> -0.030835788 | AO11: 45667 | AP11: 470.7 | AQ11: =(AP11-AP10)/AP10 -> -0.0021199915 | AS11: 45667 | AT11: 127.4 | AU11: =(AT11-AT10)/AT10 -> -0.019245574 | AW11: 45667 | AX11: 604.3 | AY11: =(AX11-AX10)/AX10 -> -0.054007514 | BA11: 45667 | BB11: 347.2 | BC11: =(BB11-BB10)/BB10 -> -0.063140853 | BE11: 45667 | BF11: 731 | BG11: =(BF11-BF10)/BF10 -> -0.040052528
A12: 45670 | B12: 1632.3 | C12: =(B12-B11)/B11 -> -0.050381058 | E12: 45670 | F12: 1170.2 | G12: =(F12-F11)/F11 -> -0.054230987 | I12: 45670 | J12: 320.5 | K12: =(J12-J11)/J11 -> 0.00031210986 | M12: 45670 | N12: 787 | O12: =(N12-N11)/N11 -> -0.0085663895 | Q12: 45670 | R12: 255.7 | S12: =(R12-R11)/R11 -> -0.027756654 | U12: 45670 | V12: 181 | W12: =(V12-V11)/V11 -> -0.045861887 | Y12: 45670 | Z12: 747.1 | AA12: =(Z12-Z11)/Z11 -> -0.049128166 | AC12: 45670 | AD12: 1591.9 | AE12: =(AD12-AD11)/AD11 -> -0.043041779 | AG12: 45663 | AH12: 114.9 | AI12: =(AH12-AH11)/AH11 -> -0.00086956522 | AK12: 45670 | AL12: 1002.9 | AM12: =(AL12-AL11)/AL11 -> -0.047487891 | AO12: 45670 | AP12: 430.9 | AQ12: =(AP12-AP11)/AP11 -> -0.084554918 | AS12: 45670 | AT12: 122.9 | AU12: =(AT12-AT11)/AT11 -> -0.035321821 | AW12: 45670 | AX12: 600.1 | AY12: =(AX12-AX11)/AX11 -> -0.0069501903 | BA12: 45670 | BB12: 328.8 | BC12: =(BB12-BB11)/BB11 -> -0.052995392 | BE12: 45670 | BF12: 714.8 | BG12: =(BF12-BF11)/BF11 -> -0.022161423
A13: 45671 | B13: 1676.9 | C13: =(B13-B12)/B12 -> 0.027323409 | E13: 45671 | F13: 1201.6 | G13: =(F13-F12)/F12 -> 0.02683302 | I13: 45671 | J13: 340.3 | K13: =(J13-J12)/J12 -> 0.061778471 | M13: 45671 | N13: 781.2 | O13: =(N13-N12)/N12 -> -0.0073697586 | Q13: 45671 | R13: 260.4 | S13: =(R13-R12)/R12 -> 0.018380915 | U13: 45671 | V13: 181.3 | W13: =(V13-V12)/V12 -> 0.0016574586 | Y13: 45671 | Z13: 767.9 | AA13: =(Z13-Z12)/Z12 -> 0.027840985 | AC13: 45671 | AD13: 1637.7 | AE13: =(AD13-AD12)/AD12 -> 0.028770651 | AG13: 45664 | AH13: 113.6 | AI13: =(AH13-AH12)/AH12 -> -0.011314186 | AK13: 45671 | AL13: 1015.1 | AM13: =(AL13-AL12)/AL12 -> 0.012164722 | AO13: 45671 | AP13: 423.5 | AQ13: =(AP13-AP12)/AP12 -> -0.017173358 | AS13: 45671 | AT13: 126.9 | AU13: =(AT13-AT12)/AT12 -> 0.032546786 | AW13: 45671 | AX13: 605.5 | AY13: =(AX13-AX12)/AX12 -> 0.0089985002 | BA13: 45671 | BB13: 338.3 | BC13: =(BB13-BB12)/BB12 -> 0.028892944 | BE13: 45671 | BF13: 719.9 | BG13: =(BF13-BF12)/BF12 -> 0.0071348629
A14: 45672 | B14: 1675.3 | C14: =(B14-B13)/B13 -> -0.00095414157 | E14: 45672 | F14: 1168.5 | G14: =(F14-F13)/F13 -> -0.027546605 | I14: 45672 | J14: 351.8 | K14: =(J14-J13)/J13 -> 0.033793711 | M14: 45672 | N14: 802.8 | O14: =(N14-N13)/N13 -> 0.02764977 | Q14: 45672 | R14: 258.2 | S14: =(R14-R13)/R13 -> -0.0084485407 | U14: 45672 | V14: 183.5 | W14: =(V14-V13)/V13 -> 0.012134584 | Y14: 45672 | Z14: 765.8 | AA14: =(Z14-Z13)/Z13 -> -0.0027347311 | AC14: 45672 | AD14: 1625.2 | AE14: =(AD14-AD13)/AD13 -> -0.0076326556 | AG14: 45665 | AH14: 113.5 | AI14: =(AH14-AH13)/AH13 -> -0.00088028169 | AK14: 45672 | AL14: 1011 | AM14: =(AL14-AL13)/AL13 -> -0.0040390109 | AO14: 45672 | AP14: 426.2 | AQ14: =(AP14-AP13)/AP13 -> 0.0063754427 | AS14: 45672 | AT14: 126.5 | AU14: =(AT14-AT13)/AT13 -> -0.0031520883 | AW14: 45672 | AX14: 605.9 | AY14: =(AX14-AX13)/AX13 -> 0.00066061107 | BA14: 45672 | BB14: 343.7 | BC14: =(BB14-BB13)/BB13 -> 0.015962164 | BE14: 45672 | BF14: 702.7 | BG14: =(BF14-BF13)/BF13 -> -0.023892207
A15: 45673 | B15: 1707.2 | C15: =(B15-B14)/B14 -> 0.019041366 | E15: 45673 | F15: 1145.5 | G15: =(F15-F14)/F14 -> -0.019683355 | I15: 45673 | J15: 354.6 | K15: =(J15-J14)/J14 -> 0.0079590677 | M15: 45673 | N15: 804 | O15: =(N15-N14)/N14 -> 0.0014947683 | Q15: 45673 | R15: 263.2 | S15: =(R15-R14)/R14 -> 0.019364833 | U15: 45673 | V15: 186.8 | W15: =(V15-V14)/V14 -> 0.017983651 | Y15: 45673 | Z15: 770.8 | AA15: =(Z15-Z14)/Z14 -> 0.0065291199 | AC15: 45673 | AD15: 1587.6 | AE15: =(AD15-AD14)/AD14 -> -0.023135614 | AG15: 45667 | AH15: 118 | AI15: =(AH15-AH14)/AH14 -> 0.039647577 | AK15: 45673 | AL15: 1024.2 | AM15: =(AL15-AL14)/AL14 -> 0.01305638 | AO15: 45673 | AP15: 427 | AQ15: =(AP15-AP14)/AP14 -> 0.001877053 | AS15: 45673 | AT15: 127.8 | AU15: =(AT15-AT14)/AT14 -> 0.01027668 | AW15: 45673 | AX15: 607.5 | AY15: =(AX15-AX14)/AX14 -> 0.0026406998 | BA15: 45673 | BB15: 349.1 | BC15: =(BB15-BB14)/BB14 -> 0.015711376 | BE15: 45673 | BF15: 706.1 | BG15: =(BF15-BF14)/BF14 -> 0.0048384801
A16: 45674 | B16: 1698.2 | C16: =(B16-B15)/B15 -> -0.0052717901 | E16: 45674 | F16: 1126.8 | G16: =(F16-F15)/F15 -> -0.016324749 | I16: 45674 | J16: 362.7 | K16: =(J16-J15)/J15 -> 0.02284264 | M16: 45674 | N16: 821.1 | O16: =(N16-N15)/N15 -> 0.021268657 | Q16: 45674 | R16: 266.6 | S16: =(R16-R15)/R15 -> 0.012917933 | U16: 45674 | V16: 186.6 | W16: =(V16-V15)/V15 -> -0.0010706638 | Y16: 45674 | Z16: 761.2 | AA16: =(Z16-Z15)/Z15 -> -0.012454593 | AC16: 45674 | AD16: 1597 | AE16: =(AD16-AD15)/AD15 -> 0.0059208869 | AG16: 45670 | AH16: 120.7 | AI16: =(AH16-AH15)/AH15 -> 0.022881356 | AK16: 45674 | AL16: 1024.4 | AM16: =(AL16-AL15)/AL15 -> 0.00019527436 | AO16: 45674 | AP16: 426.9 | AQ16: =(AP16-AP15)/AP15 -> -0.00023419204 | AS16: 45674 | AT16: 130.3 | AU16: =(AT16-AT15)/AT15 -> 0.019561815 | AW16: 45674 | AX16: 612.7 | AY16: =(AX16-AX15)/AX15 -> 0.0085596708 | BA16: 45674 | BB16: 348.7 | BC16: =(BB16-BB15)/BB15 -> -0.0011458035 | BE16: 45674 | BF16: 736.5 | BG16: =(BF16-BF15)/BF15 -> 0.043053392
... A64: 45744 | B64: 1578.2 | C64: =(B64-B63)/B63 -> -0.010284711 | E64: 45748 | F64: 893.05 | G64: =(F64-F63)/F63 -> -0.0077222222 | I64: 45744 | J64: 334.3 | K64: =(J64-J63)/J63 -> -0.012115839 | M64: 45744 | N64: 561 | O64: =(N64-N63)/N63 -> -0.0060240964 | Q64: 45744 | R64: 246.4 | S64: =(R64-R63)/R63 -> 0.01734104 | U64: 45748 | V64: 175.5 | W64: =(V64-V63)/V63 -> 0.025715956 | Y64: 45744 | Z64: 594.4 | AA64: =(Z64-Z63)/Z63 -> -0.012132292 | AC64: 45744 | AD64: 1458.7 | AE64: =(AD64-AD63)/AD63 -> 0.024799775 | AG64: 45740 | AH64: 95.64 | AI64: =(AH64-AH63)/AH63 -> 0.024531334 | AK64: 45748 | AL64: 902.65 | AM64: =(AL64-AL63)/AL63 -> 0.026963991 | AO64: 45744 | AP64: 513.9 | AQ64: =(AP64-AP63)/AP63 -> 0.014409791 | AS64: 45744 | AT64: 154.2 | AU64: =(AT64-AT63)/AT63 -> -0.0077220077 | AW64: 45744 | AX64: 483.2 | AY64: =(AX64-AX63)/AX63 -> -0.045247975 | BA64: 45744 | BB64: 365.3 | BC64: =(BB64-BB63)/BB63 -> 0.012191743 | BE64: 45748 | BF64: 852.2 | BG64: =(BF64-BF63)/BF63 -> 0.022190236

Sheet q5 Returns
A1: TELECOM | M1: OIL & GAS | Y1: COSUMER ELECTRONICS | AK1: METAL | AW1: CONSTRUCTION
A2: TATACOMM | E2: NELCO | I2: INDUSTOWER | M2: ANTELOPUS | Q2: ONGC | U2: HINDOILEXP | Y2: TTKPRESTIG | AC2: VOLTAS | AG2: WHR | AK2: MAITHANALL | AO2: SARDAEN | AS2: TATASTEEL | AW2: WELENT | BA2: INDIANHUME | BE2: JINDRILL
A3: Date | B3: Close | C3: Returnss | E3: Date | F3: Close | G3: Returns | I3: Date | J3: Close | K3: Returns | M3: Date | N3: Close | O3: Returns | Q3: Date | R3: Close | S3: Returns | U3: Date | V3: Close | W3: Returns | Y3: Date | Z3: Close | AA3: Returns | AC3: Date | AD3: Close | AE3: Returns | AG3: Date | AH3: Close | AI3: Returns | AK3: Date | AL3: Close | AM3: Returns | AO3: Date | AP3: Close | AQ3: Returns | AS3: Date | AT3: Close | AU3: Returns | AW3: Date | AX3: Close | AY3: Returns | BA3: Date | BB3: Close | BC3: Returns | BE3: Date | BF3: Close | BG3: Returns
A4: 45748 | B4: 1579.7 | E4: 45749 | F4: 896.3 | I4: 45748 | J4: 352.5 | M4: 45748 | N4: 573.4 | Q4: 45748 | R4: 248.1 | U4: 45749 | V4: 172.6 | Y4: 45748 | Z4: 612.7 | AC4: 45748 | AD4: 1352.1 | AG4: 45741 | AH4: 93.8 | AK4: 45749 | AL4: 909.15 | AO4: 45748 | AP4: 528.1 | AS4: 45748 | AT4: 153.1 | AW4: 45748 | AX4: 500.4 | BA4: 45748 | BB4: 367.1 | BE4: 45749 | BF4: 876.7
A5: 45749 | B5: 1595.2 | C5: =(B5-B4)/B4 -> 0.0098119896 | E5: 45750 | F5: 907.7 | G5: =(F5-F4)/F4 -> 0.012718956 | I5: 45749 | J5: 361.3 | K5: =(J5-J4)/J4 -> 0.024964539 | M5: 45749 | N5: 570 | O5: =(N5-N4)/N4 -> -0.0059295431 | Q5: 45749 | R5: 250.6 | S5: =(R5-R4)/R4 -> 0.010076582 | U5: 45750 | V5: 173.9 | W5: =(V5-V4)/V4 -> 0.0075318656 | Y5: 45749 | Z5: 631.7 | AA5: =(Z5-Z4)/Z4 -> 0.031010282 | AC5: 45749 | AD5: 1344.8 | AE5: =(AD5-AD4)/AD4 -> -0.0053990089 | AG5: 45742 | AH5: 93.9 | AI5: =(AH5-AH4)/AH4 -> 0.0010660981 | AK5: 45750 | AL5: 923.8 | AM5: =(AL5-AL4)/AL4 -> 0.016113953 | AO5: 45749 | AP5: 536.7 | AQ5: =(AP5-AP4)/AP4 -> 0.016284795 | AS5: 45749 | AT5: 154.7 | AU5: =(AT5-AT4)/AT4 -> 0.010450686 | AW5: 45749 | AX5: 500.7 | AY5: =(AX5-AX4)/AX4 -> 0.00059952038 | BA5: 45749 | BB5: 373.5 | BC5: =(BB5-BB4)/BB4 -> 0.017433942 | BE5: 45750 | BF5: 857.9 | BG5: =(BF5-BF4)/BF4 -> -0.021444052
A6: 45750 | B6: 1631.3 | C6: =(B6-B5)/B5 -> 0.022630391 | E6: 45751 | F6: 875.15 | G6: =(F6-F5)/F5 -> -0.035859866 | I6: 45750 | J6: 358 | K6: =(J6-J5)/J5 -> -0.0091336839 | M6: 45750 | N6: 573.6 | O6: =(N6-N5)/N5 -> 0.0063157895 | Q6: 45750 | R6: 243.3 | S6: =(R6-R5)/R5 -> -0.029130088 | U6: 45751 | V6: 166.7 | W6: =(V6-V5)/V5 -> -0.041403105 | Y6: 45750 | Z6: 626.6 | AA6: =(Z6-Z5)/Z5 -> -0.0080734526 | AC6: 45750 | AD6: 1352 | AE6: =(AD6-AD5)/AD5 -> 0.005353956 | AG6: 45743 | AH6: 93 | AI6: =(AH6-AH5)/AH5 -> -0.0095846645 | AK6: 45751 | AL6: 891.3 | AM6: =(AL6-AL5)/AL5 -> -0.035180775 | AO6: 45750 | AP6: 528.9 | AQ6: =(AP6-AP5)/AP5 -> -0.014533259 | AS6: 45750 | AT6: 153.6 | AU6: =(AT6-AT5)/AT5 -> -0.0071105365 | AW6: 45750 | AX6: 507.2 | AY6: =(AX6-AX5)/AX5 -> 0.012981825 | BA6: 45750 | BB6: 399.6 | BC6: =(BB6-BB5)/BB5 -> 0.069879518 | BE6: 45751 | BF6: 810.7 | BG6: =(BF6-BF5)/BF5 -> -0.055018067
A7: 45751 | B7: 1598.1 | C7: =(B7-B6)/B6 -> -0.020351867 | E7: 45754 | F7: 829 | G7: =(F7-F6)/F6 -> -0.052733817 | I7: 45751 | J7: 360.5 | K7: =(J7-J6)/J6 -> 0.0069832402 | M7: 45751 | N7: 546 | O7: =(N7-N6)/N6 -> -0.048117155 | Q7: 45751 | R7: 226 | S7: =(R7-R6)/R6 -> -0.071105631 | U7: 45754 | V7: 162.4 | W7: =(V7-V6)/V6 -> -0.025794841 | Y7: 45751 | Z7: 626.6 | AA7: =(Z7-Z6)/Z6 -> 0 | AC7: 45751 | AD7: 1298.1 | AE7: =(AD7-AD6)/AD6 -> -0.039866864 | AG7: 45744 | AH7: 89.5 | AI7: =(AH7-AH6)/AH6 -> -0.037634409 | AK7: 45754 | AL7: 850.1 | AM7: =(AL7-AL6)/AL6 -> -0.046224616 | AO7: 45751 | AP7: 495.8 | AQ7: =(AP7-AP6)/AP6 -> -0.062582719 | AS7: 45751 | AT7: 140.4 | AU7: =(AT7-AT6)/AT6 -> -0.0859375 | AW7: 45751 | AX7: 489.8 | AY7: =(AX7-AX6)/AX6 -> -0.034305994 | BA7: 45751 | BB7: 384.3 | BC7: =(BB7-BB6)/BB6 -> -0.038288288 | BE7: 45754 | BF7: 691.7 | BG7: =(BF7-BF6)/BF6 -> -0.14678673
A8: 45754 | B8: 1549.9 | C8: =(B8-B7)/B7 -> -0.030160816 | E8: 45755 | F8: 845.1 | G8: =(F8-F7)/F7 -> 0.019420989 | I8: 45754 | J8: 356 | K8: =(J8-J7)/J7 -> -0.012482663 | M8: 45754 | N8: 543.6 | O8: =(N8-N7)/N7 -> -0.0043956044 | Q8: 45754 | R8: 219.8 | S8: =(R8-R7)/R7 -> -0.027433628 | U8: 45755 | V8: 161.8 | W8: =(V8-V7)/V7 -> -0.0036945813 | Y8: 45754 | Z8: 622.1 | AA8: =(Z8-Z7)/Z7 -> -0.0071816151 | AC8: 45754 | AD8: 1295 | AE8: =(AD8-AD7)/AD7 -> -0.0023881057 | AG8: 45747 | AH8: 90.1 | AI8: =(AH8-AH7)/AH7 -> 0.0067039106 | AK8: 45755 | AL8: 868.45 | AM8: =(AL8-AL7)/AL7 -> 0.021585696 | AO8: 45754 | AP8: 455.9 | AQ8: =(AP8-AP7)/AP7 -> -0.080475998 | AS8: 45754 | AT8: 129.5 | AU8: =(AT8-AT7)/AT7 -> -0.077635328 | AW8: 45754 | AX8: 464 | AY8: =(AX8-AX7)/AX7 -> -0.052674561 | BA8: 45754 | BB8: 362 | BC8: =(BB8-BB7)/BB7 -> -0.058027583 | BE8: 45755 | BF8: 707.7 | BG8: =(BF8-BF7)/BF7 -> 0.023131415
A9: 45755 | B9: 1565.5 | C9: =(B9-B8)/B8 -> 0.010065165 | E9: 45756 | F9: 817.25 | G9: =(F9-F8)/F8 -> -0.03295468 | I9: 45755 | J9: 370.7 | K9: =(J9-J8)/J8 -> 0.041292135 | M9: 45755 | N9: 574 | O9: =(N9-N8)/N8 -> 0.055923473 | Q9: 45755 | R9: 226.7 | S9: =(R9-R8)/R8 -> 0.031392175 | U9: 45756 | V9: 160.7 | W9: =(V9-V8)/V8 -> -0.0067985167 | Y9: 45755 | Z9: 639.4 | AA9: =(Z9-Z8)/Z8 -> 0.027809034 | AC9: 45755 | AD9: 1320.7 | AE9: =(AD9-AD8)/AD8 -> 0.01984556 | AG9: 45748 | AH9: 91.2 | AI9: =(AH9-AH8)/AH8 -> 0.012208657 | AK9: 45756 | AL9: 860.85 | AM9: =(AL9-AL8)/AL8 -> -0.0087512234 | AO9: 45755 | AP9: 439 | AQ9: =(AP9-AP8)/AP8 -> -0.037069533 | AS9: 45755 | AT9: 130.3 | AU9: =(AT9-AT8)/AT8 -> 0.0061776062 | AW9: 45755 | AX9: 473.2 | AY9: =(AX9-AX8)/AX8 -> 0.019827586 | BA9: 45755 | BB9: 386.1 | BC9: =(BB9-BB8)/BB8 -> 0.066574586 | BE9: 45756 | BF9: 663.8 | BG9: =(BF9-BF8)/BF8 -> -0.062031934
A10: 45756 | B10: 1547.4 | C10: =(B10-B9)/B9 -> -0.011561801 | E10: 45758 | F10: 858.9 | G10: =(F10-F9)/F9 -> 0.050963597 | I10: 45756 | J10: 370.6 | K10: =(J10-J9)/J9 -> -0.00026975991 | M10: 45756 | N10: 576.3 | O10: =(N10-N9)/N9 -> 0.0040069686 | Q10: 45756 | R10: 221.9 | S10: =(R10-R9)/R9 -> -0.021173357 | U10: 45758 | V10: 163.4 | W10: =(V10-V9)/V9 -> 0.016801493 | Y10: 45756 | Z10: 623.9 | AA10: =(Z10-Z9)/Z9 -> -0.024241476 | AC10: 45756 | AD10: 1277.8 | AE10: =(AD10-AD9)/AD9 -> -0.032482774 | AG10: 45749 | AH10: 90.8 | AI10: =(AH10-AH9)/AH9 -> -0.0043859649 | AK10: 45758 | AL10: 871 | AM10: =(AL10-AL9)/AL9 -> 0.011790672 | AO10: 45756 | AP10: 418.6 | AQ10: =(AP10-AP9)/AP9 -> -0.046469248 | AS10: 45756 | AT10: 127.2 | AU10: =(AT10-AT9)/AT9 -> -0.023791251 | AW10: 45756 | AX10: 473.1 | AY10: =(AX10-AX9)/AX9 -> -0.00021132713 | BA10: 45756 | BB10: 386.8 | BC10: =(BB10-BB9)/BB9 -> 0.0018130018 | BE10: 45758 | BF10: 675.9 | BG10: =(BF10-BF9)/BF9 -> 0.018228382
A11: 45758 | B11: 1564.3 | C11: =(B11-B10)/B10 -> 0.010921546 | E11: 45762 | F11: 903.75 | G11: =(F11-F10)/F10 -> 0.052217953 | I11: 45758 | J11: 373.7 | K11: =(J11-J10)/J10 -> 0.0083648138 | M11: 45758 | N11: 561.3 | O11: =(N11-N10)/N10 -> -0.02602811 | Q11: 45758 | R11: 230.4 | S11: =(R11-R10)/R10 -> 0.038305543 | U11: 45762 | V11: 170.8 | W11: =(V11-V10)/V10 -> 0.045287638 | Y11: 45758 | Z11: 646.8 | AA11: =(Z11-Z10)/Z10 -> 0.0367046 | AC11: 45758 | AD11: 1284.9 | AE11: =(AD11-AD10)/AD10 -> 0.0055564251 | AG11: 45750 | AH11: 86.1 | AI11: =(AH11-AH10)/AH10 -> -0.051762115 | AK11: 45762 | AL11: 894.2 | AM11: =(AL11-AL10)/AL10 -> 0.026636051 | AO11: 45758 | AP11: 467.7 | AQ11: =(AP11-AP10)/AP10 -> 0.11729575 | AS11: 45758 | AT11: 133.4 | AU11: =(AT11-AT10)/AT10 -> 0.048742138 | AW11: 45758 | AX11: 488.4 | AY11: =(AX11-AX10)/AX10 -> 0.032339886 | BA11: 45758 | BB11: 389 | BC11: =(BB11-BB10)/BB10 -> 0.0056876939 | BE11: 45762 | BF11: 732.7 | BG11: =(BF11-BF10)/BF10 -> 0.0840361
A12: 45762 | B12: 1591 | C12: =(B12-B11)/B11 -> 0.017068337 | E12: 45763 | F12: 910.5 | G12: =(F12-F11)/F11 -> 0.0074688797 | I12: 45762 | J12: 380.5 | K12: =(J12-J11)/J11 -> 0.018196414 | M12: 45762 | N12: 570.2 | O12: =(N12-N11)/N11 -> 0.015856048 | Q12: 45762 | R12: 232.7 | S12: =(R12-R11)/R11 -> 0.0099826389 | U12: 45763 | V12: 175.7 | W12: =(V12-V11)/V11 -> 0.028688525 | Y12: 45762 | Z12: 666.5 | AA12: =(Z12-Z11)/Z11 -> 0.030457638 | AC12: 45762 | AD12: 1289.3 | AE12: =(AD12-AD11)/AD11 -> 0.003424391 | AG12: 45751 | AH12: 85.7 | AI12: =(AH12-AH11)/AH11 -> -0.0046457607 | AK12: 45763 | AL12: 904 | AM12: =(AL12-AL11)/AL11 -> 0.010959517 | AO12: 45762 | AP12: 485.6 | AQ12: =(AP12-AP11)/AP11 -> 0.038272397 | AS12: 45762 | AT12: 136.4 | AU12: =(AT12-AT11)/AT11 -> 0.022488756 | AW12: 45762 | AX12: 505.6 | AY12: =(AX12-AX11)/AX11 -> 0.035217035 | BA12: 45762 | BB12: 397.6 | BC12: =(BB12-BB11)/BB11 -> 0.022107969 | BE12: 45763 | BF12: 767.3 | BG12: =(BF12-BF11)/BF11 -> 0.047222601
A13: 45763 | B13: 1593.7 | C13: =(B13-B12)/B12 -> 0.0016970459 | E13: 45764 | F13: 907.95 | G13: =(F13-F12)/F12 -> -0.002800659 | I13: 45763 | J13: 386.1 | K13: =(J13-J12)/J12 -> 0.014717477 | M13: 45763 | N13: 565.2 | O13: =(N13-N12)/N12 -> -0.008768853 | Q13: 45763 | R13: 241.2 | S13: =(R13-R12)/R12 -> 0.036527718 | U13: 45764 | V13: 177.6 | W13: =(V13-V12)/V12 -> 0.010813887 | Y13: 45763 | Z13: 658.9 | AA13: =(Z13-Z12)/Z12 -> -0.011402851 | AC13: 45763 | AD13: 1277.1 | AE13: =(AD13-AD12)/AD12 -> -0.009462499 | AG13: 45754 | AH13: 83.1 | AI13: =(AH13-AH12)/AH12 -> -0.03033839 | AK13: 45764 | AL13: 908.3 | AM13: =(AL13-AL12)/AL12 -> 0.0047566372 | AO13: 45763 | AP13: 486.1 | AQ13: =(AP13-AP12)/AP12 -> 0.001029654 | AS13: 45763 | AT13: 137 | AU13: =(AT13-AT12)/AT12 -> 0.004398827 | AW13: 45763 | AX13: 511.6 | AY13: =(AX13-AX12)/AX12 -> 0.011867089 | BA13: 45763 | BB13: 398.7 | BC13: =(BB13-BB12)/BB12 -> 0.0027665996 | BE13: 45764 | BF13: 769.7 | BG13: =(BF13-BF12)/BF12 -> 0.0031278509
A14: 45764 | B14: 1565 | C14: =(B14-B13)/B13 -> -0.018008408 | E14: 45768 | F14: 924.5 | G14: =(F14-F13)/F13 -> 0.018227876 | I14: 45764 | J14: 397.9 | K14: =(J14-J13)/J13 -> 0.030562031 | M14: 45764 | N14: 567.2 | O14: =(N14-N13)/N13 -> 0.0035385704 | Q14: 45764 | R14: 243.5 | S14: =(R14-R13)/R13 -> 0.0095356551 | U14: 45768 | V14: 188.2 | W14: =(V14-V13)/V13 -> 0.059684685 | Y14: 45764 | Z14: 656.4 | AA14: =(Z14-Z13)/Z13 -> -0.0037942025 | AC14: 45764 | AD14: 1284.9 | AE14: =(AD14-AD13)/AD13 -> 0.0061075875 | AG14: 45755 | AH14: 77.4 | AI14: =(AH14-AH13)/AH13 -> -0.068592058 | AK14: 45768 | AL14: 920.4 | AM14: =(AL14-AL13)/AL13 -> 0.01332159 | AO14: 45764 | AP14: 479.1 | AQ14: =(AP14-AP13)/AP13 -> -0.014400329 | AS14: 45764 | AT14: 137.1 | AU14: =(AT14-AT13)/AT13 -> 0.00072992701 | AW14: 45764 | AX14: 507 | AY14: =(AX14-AX13)/AX13 -> -0.0089913995 | BA14: 45764 | BB14: 401.5 | BC14: =(BB14-BB13)/BB13 -> 0.0070228242 | BE14: 45768 | BF14: 796.8 | BG14: =(BF14-BF13)/BF13 -> 0.035208523
A15: 45768 | B15: 1573.8 | C15: =(B15-B14)/B14 -> 0.0056230032 | E15: 45769 | F15: 909.7 | G15: =(F15-F14)/F14 -> -0.016008653 | I15: 45768 | J15: 407.5 | K15: =(J15-J14)/J14 -> 0.024126665 | M15: 45768 | N15: 570.8 | O15: =(N15-N14)/N14 -> 0.0063469676 | Q15: 45768 | R15: 249.8 | S15: =(R15-R14)/R14 -> 0.02587269 | U15: 45769 | V15: 194.7 | W15: =(V15-V14)/V14 -> 0.034537726 | Y15: 45768 | Z15: 652.9 | AA15: =(Z15-Z14)/Z14 -> -0.0053321146 | AC15: 45768 | AD15: 1318 | AE15: =(AD15-AD14)/AD14 -> 0.02576076 | AG15: 45756 | AH15: 85.3 | AI15: =(AH15-AH14)/AH14 -> 0.10206718 | AK15: 45769 | AL15: 992.45 | AM15: =(AL15-AL14)/AL14 -> 0.078281182 | AO15: 45768 | AP15: 488.8 | AQ15: =(AP15-AP14)/AP14 -> 0.020246295 | AS15: 45768 | AT15: 139.2 | AU15: =(AT15-AT14)/AT14 -> 0.015317287 | AW15: 45768 | AX15: 511.8 | AY15: =(AX15-AX14)/AX14 -> 0.0094674556 | BA15: 45768 | BB15: 399.7 | BC15: =(BB15-BB14)/BB14 -> -0.004483188 | BE15: 45769 | BF15: 736.5 | BG15: =(BF15-BF14)/BF14 -> -0.075677711
A16: 45769 | B16: 1598.7 | C16: =(B16-B15)/B15 -> 0.015821578 | E16: 45770 | F16: 890.6 | G16: =(F16-F15)/F15 -> -0.020995933 | I16: 45769 | J16: 400.9 | K16: =(J16-J15)/J15 -> -0.016196319 | M16: 45769 | N16: 578.5 | O16: =(N16-N15)/N15 -> 0.013489839 | Q16: 45769 | R16: 247.8 | S16: =(R16-R15)/R15 -> -0.0080064051 | U16: 45770 | V16: 191.5 | W16: =(V16-V15)/V15 -> -0.016435542 | Y16: 45769 | Z16: 650.5 | AA16: =(Z16-Z15)/Z15 -> -0.0036759075 | AC16: 45769 | AD16: 1344.6 | AE16: =(AD16-AD15)/AD15 -> 0.020182094 | AG16: 45757 | AH16: 81 | AI16: =(AH16-AH15)/AH15 -> -0.050410317 | AK16: 45770 | AL16: 982.3 | AM16: =(AL16-AL15)/AL15 -> -0.010227215 | AO16: 45769 | AP16: 506 | AQ16: =(AP16-AP15)/AP15 -> 0.035188216 | AS16: 45769 | AT16: 138.2 | AU16: =(AT16-AT15)/AT15 -> -0.007183908 | AW16: 45769 | AX16: 510.1 | AY16: =(AX16-AX15)/AX15 -> -0.00332161 | BA16: 45769 | BB16: 406.9 | BC16: =(BB16-BB15)/BB15 -> 0.01801351 | BE16: 45770 | BF16: 721.9 | BG16: =(BF16-BF15)/BF15 -> -0.019823489
... A64: 45838 | B64: 1690.6 | C64: =(B64-B63)/B63 -> 0.0070288301 | E64: 45839 | F64: 1010.9 | G64: =(F64-F63)/F63 -> -0.0041375234 | I64: 45838 | J64: 421.1 | K64: =(J64-J63)/J63 -> 0.02159146 | M64: 45838 | N64: 694.9 | O64: =(N64-N63)/N63 -> -0.0070020006 | Q64: 45838 | R64: 244.2 | S64: =(R64-R63)/R63 -> 0.0057660626 | U64: 45839 | V64: 167.1 | W64: =(V64-V63)/V63 -> -0.014159292 | Y64: 45838 | Z64: 624.4 | AA64: =(Z64-Z63)/Z63 -> -0.0001601281 | AC64: 45838 | AD64: 1314.1 | AE64: =(AD64-AD63)/AD63 -> 0.0067417452 | AG64: 45828 | AH64: 93 | AI64: =(AH64-AH63)/AH63 -> 0.013071895 | AK64: 45839 | AL64: 1234.1 | AM64: =(AL64-AL63)/AL63 -> 0.0013794223 | AO64: 45838 | AP64: 443.4 | AQ64: =(AP64-AP63)/AP63 -> -0.015978695 | AS64: 45838 | AT64: 159.8 | AU64: =(AT64-AT63)/AT63 -> -0.010526316 | AW64: 45838 | AX64: 541 | AY64: =(AX64-AX63)/AX63 -> 0.016153268 | BA64: 45838 | BB64: 435.4 | BC64: =(BB64-BB63)/BB63 -> 0.019194757 | BE64: 45839 | BF64: 635.5 | BG64: =(BF64-BF63)/BF63 -> -0.0015710919

Sheet  q6 Returns
A1: TELECOM | M1: OIL & GAS | Y1: COSUMER ELECTRONICS | AK1: METAL | AW1: CONSTRUCTION
A2: TATACOMM | E2: NELCO | I2: INDUSTOWER | M2: ANTELOPUS | Q2: ONGC | U2: HINDOILEXP | Y2: TTKPRESTIG | AC2: VOLTAS | AG2: WHR | AK2: MAITHANALL | AO2: SARDAEN | AS2: TATASTEEL | AW2: WELENT | BA2: INDIANHUME | BE2: JINDRILL
A3: Date | B3: Close | C3: Returns | E3: Date | F3: Close | G3: Returns | I3: Date | J3: Close | K3: Returns | M3: Date | N3: Close | O3: Returns | Q3: Date | R3: Close | S3: Returns | U3: Date | V3: Close | W3: Returns | Y3: Date | Z3: Close | AA3: Returns | AC3: Date | AD3: Close | AE3: Returns | AG3: Date | AH3: Close | AI3: Returns | AK3: Date | AL3: Close | AM3: Returns | AO3: Date | AP3: Close | AQ3: Returns | AS3: Date | AT3: Close | AU3: Returns | AW3: Date | AX3: Close | AY3: Returns | BA3: Date | BB3: Close | BC3: Returns | BE3: Date | BF3: Close | BG3: Returns
A4: 45839 | B4: 1726 | E4: 45840 | F4: 1024 | I4: 45839 | J4: 420.4 | M4: 45839 | N4: 687.3 | Q4: 45839 | R4: 243.4 | U4: 45840 | V4: 165.5 | Y4: 45839 | Z4: 627.2 | AC4: 45839 | AD4: 1327 | AG4: 45831 | AH4: 93.77 | AK4: 45840 | AL4: 1219 | AO4: 45839 | AP4: 437.2 | AS4: 45839 | AT4: 160.1 | AW4: 45839 | AX4: 537.2 | BA4: 45839 | BB4: 445.3 | BE4: 45840 | BF4: 633.7
A5: 45840 | B5: 1808 | C5: =(B5-B4)/B4 -> 0.047508691 | E5: 45841 | F5: 1005 | G5: =(F5-F4)/F4 -> -0.018554688 | I5: 45840 | J5: 423.3 | K5: =(J5-J4)/J4 -> 0.0068981922 | M5: 45840 | N5: 685.7 | O5: =(N5-N4)/N4 -> -0.0023279499 | Q5: 45840 | R5: 241.1 | S5: =(R5-R4)/R4 -> -0.0094494659 | U5: 45841 | V5: 169.2 | W5: =(V5-V4)/V4 -> 0.022356495 | Y5: 45840 | Z5: 625.7 | AA5: =(Z5-Z4)/Z4 -> -0.0023915816 | AC5: 45840 | AD5: 1333 | AE5: =(AD5-AD4)/AD4 -> 0.004521477 | AG5: 45832 | AH5: 95.12 | AI5: =(AH5-AH4)/AH4 -> 0.014396929 | AK5: 45841 | AL5: 1217 | AM5: =(AL5-AL4)/AL4 -> -0.0016406891 | AO5: 45840 | AP5: 431.5 | AQ5: =(AP5-AP4)/AP4 -> -0.013037511 | AS5: 45840 | AT5: 165.9 | AU5: =(AT5-AT4)/AT4 -> 0.036227358 | AW5: 45840 | AX5: 536.9 | AY5: =(AX5-AX4)/AX4 -> -0.00055845123 | BA5: 45840 | BB5: 447.6 | BC5: =(BB5-BB4)/BB4 -> 0.0051650573 | BE5: 45841 | BF5: 634.1 | BG5: =(BF5-BF4)/BF4 -> 0.00063121351
A6: 45841 | B6: 1778 | C6: =(B6-B5)/B5 -> -0.01659292 | E6: 45842 | F6: 1002 | G6: =(F6-F5)/F5 -> -0.0029850746 | I6: 45841 | J6: 425.8 | K6: =(J6-J5)/J5 -> 0.0059059768 | M6: 45841 | N6: 698.9 | O6: =(N6-N5)/N5 -> 0.019250401 | Q6: 45841 | R6: 244.1 | S6: =(R6-R5)/R5 -> 0.01244297 | U6: 45842 | V6: 169.2 | W6: =(V6-V5)/V5 -> 0 | Y6: 45841 | Z6: 626.4 | AA6: =(Z6-Z5)/Z5 -> 0.001118747 | AC6: 45841 | AD6: 1367 | AE6: =(AD6-AD5)/AD5 -> 0.025506377 | AG6: 45833 | AH6: 94.09 | AI6: =(AH6-AH5)/AH5 -> -0.010828427 | AK6: 45842 | AL6: 1215 | AM6: =(AL6-AL5)/AL5 -> -0.0016433854 | AO6: 45841 | AP6: 434.1 | AQ6: =(AP6-AP5)/AP5 -> 0.0060254925 | AS6: 45841 | AT6: 165.9 | AU6: =(AT6-AT5)/AT5 -> 0 | AW6: 45841 | AX6: 534.3 | AY6: =(AX6-AX5)/AX5 -> -0.004842615 | BA6: 45841 | BB6: 447.9 | BC6: =(BB6-BB5)/BB5 -> 0.00067024129 | BE6: 45842 | BF6: 635.6 | BG6: =(BF6-BF5)/BF5 -> 0.0023655575
A7: 45842 | B7: 1762 | C7: =(B7-B6)/B6 -> -0.0089988751 | E7: 45845 | F7: 970.2 | G7: =(F7-F6)/F6 -> -0.031736527 | I7: 45842 | J7: 425 | K7: =(J7-J6)/J6 -> -0.0018788163 | M7: 45842 | N7: 710.1 | O7: =(N7-N6)/N6 -> 0.016025182 | Q7: 45842 | R7: 245.2 | S7: =(R7-R6)/R6 -> 0.0045063499 | U7: 45845 | V7: 169.1 | W7: =(V7-V6)/V6 -> -0.00059101655 | Y7: 45842 | Z7: 631.6 | AA7: =(Z7-Z6)/Z6 -> 0.0083014049 | AC7: 45842 | AD7: 1364 | AE7: =(AD7-AD6)/AD6 -> -0.0021945867 | AG7: 45834 | AH7: 95.45 | AI7: =(AH7-AH6)/AH6 -> 0.014454246 | AK7: 45845 | AL7: 1196 | AM7: =(AL7-AL6)/AL6 -> -0.01563786 | AO7: 45842 | AP7: 432.5 | AQ7: =(AP7-AP6)/AP6 -> -0.0036857867 | AS7: 45842 | AT7: 163 | AU7: =(AT7-AT6)/AT6 -> -0.01748041 | AW7: 45842 | AX7: 531.3 | AY7: =(AX7-AX6)/AX6 -> -0.0056148231 | BA7: 45842 | BB7: 458.9 | BC7: =(BB7-BB6)/BB6 -> 0.024559053 | BE7: 45845 | BF7: 607.5 | BG7: =(BF7-BF6)/BF6 -> -0.044210195
A8: 45845 | B8: 1768 | C8: =(B8-B7)/B7 -> 0.0034052213 | E8: 45846 | F8: 960.5 | G8: =(F8-F7)/F7 -> -0.0099979386 | I8: 45845 | J8: 408.4 | K8: =(J8-J7)/J7 -> -0.039058824 | M8: 45845 | N8: 691 | O8: =(N8-N7)/N7 -> -0.02689762 | Q8: 45845 | R8: 241.5 | S8: =(R8-R7)/R7 -> -0.015089723 | U8: 45846 | V8: 169.6 | W8: =(V8-V7)/V7 -> 0.0029568303 | Y8: 45845 | Z8: 628.7 | AA8: =(Z8-Z7)/Z7 -> -0.0045915136 | AC8: 45845 | AD8: 1366 | AE8: =(AD8-AD7)/AD7 -> 0.0014662757 | AG8: 45835 | AH8: 96.17 | AI8: =(AH8-AH7)/AH7 -> 0.0075432163 | AK8: 45846 | AL8: 1186 | AM8: =(AL8-AL7)/AL7 -> -0.008361204 | AO8: 45845 | AP8: 426.5 | AQ8: =(AP8-AP7)/AP7 -> -0.013872832 | AS8: 45845 | AT8: 162.4 | AU8: =(AT8-AT7)/AT7 -> -0.0036809816 | AW8: 45845 | AX8: 522.5 | AY8: =(AX8-AX7)/AX7 -> -0.016563147 | BA8: 45845 | BB8: 463.6 | BC8: =(BB8-BB7)/BB7 -> 0.010241883 | BE8: 45846 | BF8: 604.5 | BG8: =(BF8-BF7)/BF7 -> -0.0049382716
A9: 45846 | B9: 1764 | C9: =(B9-B8)/B8 -> -0.0022624434 | E9: 45847 | F9: 962.5 | G9: =(F9-F8)/F8 -> 0.0020822488 | I9: 45846 | J9: 406.3 | K9: =(J9-J8)/J8 -> -0.0051420176 | M9: 45846 | N9: 659.5 | O9: =(N9-N8)/N8 -> -0.045586107 | Q9: 45846 | R9: 243.2 | S9: =(R9-R8)/R8 -> 0.0070393375 | U9: 45847 | V9: 168.6 | W9: =(V9-V8)/V8 -> -0.0058962264 | Y9: 45846 | Z9: 633.9 | AA9: =(Z9-Z8)/Z8 -> 0.0082710355 | AC9: 45846 | AD9: 1371 | AE9: =(AD9-AD8)/AD8 -> 0.0036603221 | AG9: 45838 | AH9: 101.4 | AI9: =(AH9-AH8)/AH8 -> 0.054382864 | AK9: 45847 | AL9: 1158 | AM9: =(AL9-AL8)/AL8 -> -0.023608769 | AO9: 45846 | AP9: 423.9 | AQ9: =(AP9-AP8)/AP8 -> -0.0060961313 | AS9: 45846 | AT9: 162 | AU9: =(AT9-AT8)/AT8 -> -0.0024630542 | AW9: 45846 | AX9: 524 | AY9: =(AX9-AX8)/AX8 -> 0.0028708134 | BA9: 45846 | BB9: 456.7 | BC9: =(BB9-BB8)/BB8 -> -0.01488352 | BE9: 45847 | BF9: 602.8 | BG9: =(BF9-BF8)/BF8 -> -0.0028122415
A10: 45847 | B10: 1761 | C10: =(B10-B9)/B9 -> -0.0017006803 | E10: 45848 | F10: 959.8 | G10: =(F10-F9)/F9 -> -0.0028051948 | I10: 45847 | J10: 405.2 | K10: =(J10-J9)/J9 -> -0.0027073591 | M10: 45847 | N10: 674.3 | O10: =(N10-N9)/N9 -> 0.022441243 | Q10: 45847 | R10: 243.4 | S10: =(R10-R9)/R9 -> 0.00082236842 | U10: 45848 | V10: 171.1 | W10: =(V10-V9)/V9 -> 0.014827995 | Y10: 45847 | Z10: 629.5 | AA10: =(Z10-Z9)/Z9 -> -0.0069411579 | AC10: 45847 | AD10: 1367 | AE10: =(AD10-AD9)/AD9 -> -0.0029175784 | AG10: 45839 | AH10: 105.3 | AI10: =(AH10-AH9)/AH9 -> 0.038461538 | AK10: 45848 | AL10: 1159 | AM10: =(AL10-AL9)/AL9 -> 0.00086355786 | AO10: 45847 | AP10: 433.2 | AQ10: =(AP10-AP9)/AP9 -> 0.021939137 | AS10: 45847 | AT10: 159 | AU10: =(AT10-AT9)/AT9 -> -0.018518519 | AW10: 45847 | AX10: 524.4 | AY10: =(AX10-AX9)/AX9 -> 0.00076335878 | BA10: 45847 | BB10: 447.5 | BC10: =(BB10-BB9)/BB9 -> -0.020144515 | BE10: 45848 | BF10: 611.9 | BG10: =(BF10-BF9)/BF9 -> 0.015096218
A11: 45848 | B11: 1753 | C11: =(B11-B10)/B10 -> -0.0045428734 | E11: 45849 | F11: 947 | G11: =(F11-F10)/F10 -> -0.013336112 | I11: 45848 | J11: 402.2 | K11: =(J11-J10)/J10 -> -0.0074037512 | M11: 45848 | N11: 667.7 | O11: =(N11-N10)/N10 -> -0.0097879282 | Q11: 45848 | R11: 243.1 | S11: =(R11-R10)/R10 -> -0.001232539 | U11: 45849 | V11: 169.3 | W11: =(V11-V10)/V10 -> -0.010520164 | Y11: 45848 | Z11: 631.7 | AA11: =(Z11-Z10)/Z10 -> 0.0034948372 | AC11: 45848 | AD11: 1369 | AE11: =(AD11-AD10)/AD10 -> 0.0014630578 | AG11: 45840 | AH11: 110.6 | AI11: =(AH11-AH10)/AH10 -> 0.050332384 | AK11: 45849 | AL11: 1154 | AM11: =(AL11-AL10)/AL10 -> -0.0043140638 | AO11: 45848 | AP11: 441.5 | AQ11: =(AP11-AP10)/AP10 -> 0.019159741 | AS11: 45848 | AT11: 160.7 | AU11: =(AT11-AT10)/AT10 -> 0.010691824 | AW11: 45848 | AX11: 521.5 | AY11: =(AX11-AX10)/AX10 -> -0.0055301297 | BA11: 45848 | BB11: 446 | BC11: =(BB11-BB10)/BB10 -> -0.0033519553 | BE11: 45849 | BF11: 613.4 | BG11: =(BF11-BF10)/BF10 -> 0.0024513809
A12: 45849 | B12: 1712 | C12: =(B12-B11)/B11 -> -0.023388477 | E12: 45852 | F12: 904.7 | G12: =(F12-F11)/F11 -> -0.044667371 | I12: 45849 | J12: 404.4 | K12: =(J12-J11)/J11 -> 0.0054699155 | M12: 45849 | N12: 658.3 | O12: =(N12-N11)/N11 -> -0.014078179 | Q12: 45849 | R12: 241.8 | S12: =(R12-R11)/R11 -> -0.0053475936 | U12: 45852 | V12: 167.7 | W12: =(V12-V11)/V11 -> -0.0094506793 | Y12: 45849 | Z12: 629.8 | AA12: =(Z12-Z11)/Z11 -> -0.0030077568 | AC12: 45849 | AD12: 1370 | AE12: =(AD12-AD11)/AD11 -> 0.00073046019 | AG12: 45841 | AH12: 109.9 | AI12: =(AH12-AH11)/AH11 -> -0.0063291139 | AK12: 45852 | AL12: 1143 | AM12: =(AL12-AL11)/AL11 -> -0.0095320624 | AO12: 45849 | AP12: 452.7 | AQ12: =(AP12-AP11)/AP11 -> 0.025368063 | AS12: 45849 | AT12: 159.8 | AU12: =(AT12-AT11)/AT11 -> -0.0056004978 | AW12: 45849 | AX12: 512.6 | AY12: =(AX12-AX11)/AX11 -> -0.017066155 | BA12: 45849 | BB12: 437.7 | BC12: =(BB12-BB11)/BB11 -> -0.018609865 | BE12: 45852 | BF12: 605.3 | BG12: =(BF12-BF11)/BF11 -> -0.013205086
A13: 45852 | B13: 1713 | C13: =(B13-B12)/B12 -> 0.00058411215 | E13: 45853 | F13: 878.5 | G13: =(F13-F12)/F12 -> -0.028959876 | I13: 45852 | J13: 404.1 | K13: =(J13-J12)/J12 -> -0.00074183976 | M13: 45852 | N13: 658.4 | O13: =(N13-N12)/N12 -> 0.00015190643 | Q13: 45852 | R13: 244.2 | S13: =(R13-R12)/R12 -> 0.0099255583 | U13: 45853 | V13: 172.2 | W13: =(V13-V12)/V12 -> 0.026833631 | Y13: 45852 | Z13: 626.6 | AA13: =(Z13-Z12)/Z12 -> -0.0050809781 | AC13: 45852 | AD13: 1377 | AE13: =(AD13-AD12)/AD12 -> 0.0051094891 | AG13: 45845 | AH13: 108.5 | AI13: =(AH13-AH12)/AH12 -> -0.012738854 | AK13: 45853 | AL13: 1143 | AM13: =(AL13-AL12)/AL12 -> 0 | AO13: 45852 | AP13: 440.9 | AQ13: =(AP13-AP12)/AP12 -> -0.026065827 | AS13: 45852 | AT13: 160.4 | AU13: =(AT13-AT12)/AT12 -> 0.0037546934 | AW13: 45852 | AX13: 520.5 | AY13: =(AX13-AX12)/AX12 -> 0.015411627 | BA13: 45852 | BB13: 438.7 | BC13: =(BB13-BB12)/BB12 -> 0.0022846699 | BE13: 45853 | BF13: 609.2 | BG13: =(BF13-BF12)/BF12 -> 0.0064430861
A14: 45853 | B14: 1729 | C14: =(B14-B13)/B13 -> 0.0093403386 | E14: 45854 | F14: 886.2 | G14: =(F14-F13)/F13 -> 0.0087649402 | I14: 45853 | J14: 408 | K14: =(J14-J13)/J13 -> 0.0096510765 | M14: 45853 | N14: 656.3 | O14: =(N14-N13)/N13 -> -0.0031895504 | Q14: 45853 | R14: 243.7 | S14: =(R14-R13)/R13 -> -0.002047502 | U14: 45854 | V14: 172.1 | W14: =(V14-V13)/V13 -> -0.00058072009 | Y14: 45853 | Z14: 630.9 | AA14: =(Z14-Z13)/Z13 -> 0.0068624322 | AC14: 45853 | AD14: 1397 | AE14: =(AD14-AD13)/AD13 -> 0.014524328 | AG14: 45846 | AH14: 107.7 | AI14: =(AH14-AH13)/AH13 -> -0.0073732719 | AK14: 45854 | AL14: 1145 | AM14: =(AL14-AL13)/AL13 -> 0.0017497813 | AO14: 45853 | AP14: 443.2 | AQ14: =(AP14-AP13)/AP13 -> 0.0052166024 | AS14: 45853 | AT14: 159 | AU14: =(AT14-AT13)/AT13 -> -0.0087281796 | AW14: 45853 | AX14: 527.2 | AY14: =(AX14-AX13)/AX13 -> 0.012872238 | BA14: 45853 | BB14: 442.3 | BC14: =(BB14-BB13)/BB13 -> 0.0082060634 | BE14: 45854 | BF14: 620.8 | BG14: =(BF14-BF13)/BF13 -> 0.019041366
A15: 45854 | B15: 1724 | C15: =(B15-B14)/B14 -> -0.002891845 | E15: 45855 | F15: 892.8 | G15: =(F15-F14)/F14 -> 0.0074475288 | I15: 45854 | J15: 405 | K15: =(J15-J14)/J14 -> -0.0073529412 | M15: 45854 | N15: 656.2 | O15: =(N15-N14)/N14 -> -0.00015236934 | Q15: 45854 | R15: 242.9 | S15: =(R15-R14)/R14 -> -0.0032827247 | U15: 45855 | V15: 172.8 | W15: =(V15-V14)/V14 -> 0.0040674027 | Y15: 45854 | Z15: 633 | AA15: =(Z15-Z14)/Z14 -> 0.0033285782 | AC15: 45854 | AD15: 1397 | AE15: =(AD15-AD14)/AD14 -> 0 | AG15: 45847 | AH15: 107.9 | AI15: =(AH15-AH14)/AH14 -> 0.0018570102 | AK15: 45855 | AL15: 1152 | AM15: =(AL15-AL14)/AL14 -> 0.0061135371 | AO15: 45854 | AP15: 444.9 | AQ15: =(AP15-AP14)/AP14 -> 0.0038357401 | AS15: 45854 | AT15: 157.3 | AU15: =(AT15-AT14)/AT14 -> -0.010691824 | AW15: 45854 | AX15: 518.3 | AY15: =(AX15-AX14)/AX14 -> -0.016881639 | BA15: 45854 | BB15: 444.6 | BC15: =(BB15-BB14)/BB14 -> 0.0052000904 | BE15: 45855 | BF15: 636.4 | BG15: =(BF15-BF14)/BF14 -> 0.025128866
A16: 45855 | B16: 1732 | C16: =(B16-B15)/B15 -> 0.0046403712 | E16: 45856 | F16: 862.9 | G16: =(F16-F15)/F15 -> -0.033490143 | I16: 45855 | J16: 406.3 | K16: =(J16-J15)/J15 -> 0.0032098765 | M16: 45855 | N16: 653.7 | O16: =(N16-N15)/N15 -> -0.0038098141 | Q16: 45855 | R16: 243.9 | S16: =(R16-R15)/R15 -> 0.0041169205 | U16: 45856 | V16: 170.8 | W16: =(V16-V15)/V15 -> -0.011574074 | Y16: 45855 | Z16: 642 | AA16: =(Z16-Z15)/Z15 -> 0.014218009 | AC16: 45855 | AD16: 1391 | AE16: =(AD16-AD15)/AD15 -> -0.0042949177 | AG16: 45848 | AH16: 108.4 | AI16: =(AH16-AH15)/AH15 -> 0.0046339203 | AK16: 45856 | AL16: 1141 | AM16: =(AL16-AL15)/AL15 -> -0.0095486111 | AO16: 45855 | AP16: 443 | AQ16: =(AP16-AP15)/AP15 -> -0.0042706226 | AS16: 45855 | AT16: 159.9 | AU16: =(AT16-AT15)/AT15 -> 0.016528926 | AW16: 45855 | AX16: 519.4 | AY16: =(AX16-AX15)/AX15 -> 0.002122323 | BA16: 45855 | BB16: 449.9 | BC16: =(BB16-BB15)/BB15 -> 0.011920828 | BE16: 45856 | BF16: 629.4 | BG16: =(BF16-BF15)/BF15 -> -0.010999371
... A66: 45929 | B66: 1613 | C66: =(B66-B65)/B65 -> -0.00061957869 | E66: 45930 | F66: 842.2 | G66: =(F66-F65)/F65 -> -0.0043740395 | I66: 45929 | J66: 347.2 | K66: =(J66-J65)/J65 -> 0.0025989027 | M66: 45929 | N66: 546.4 | O66: =(N66-N65)/N65 -> -0.016912558 | Q66: 45929 | R66: 240 | S66: =(R66-R65)/R65 -> 0.0084033613 | U66: 45930 | V66: 170.3 | W66: =(V66-V65)/V65 -> -0.0075757576 | Y66: 45929 | Z66: 635.4 | AA66: =(Z66-Z65)/Z65 -> 0.00062992126 | AC66: 45929 | AD66: 1375 | AE66: =(AD66-AD65)/AD65 -> 0.026119403 | AG66: 45919 | AH66: 82.68 | AI66: =(AH66-AH65)/AH65 -> -0.02614841 | AK66: 45930 | AL66: 1099 | AM66: =(AL66-AL65)/AL65 -> -0.0018165304 | AO66: 45929 | AP66: 553.6 | AQ66: =(AP66-AP65)/AP65 -> -0.02259887 | AS66: 45929 | AT66: 169 | AU66: =(AT66-AT65)/AT65 -> 0.009557945 | AW66: 45929 | AX66: 500.4 | AY66: =(AX66-AX65)/AX65 -> 0.0012004802 | BA66: 45929 | BB66: 355.1 | BC66: =(BB66-BB65)/BB65 -> -0.03136934 | BE66: 45930 | BF66: 594.4 | BG66: =(BF66-BF65)/BF65 -> -0.0070163715
A67: 45930 | B67: 1613 | C67: =(B67-B66)/B66 -> 0 | I67: 45930 | J67: 342.9 | K67: =(J67-J66)/J66 -> -0.012384793 | M67: 45930 | N67: 551.8 | O67: =(N67-N66)/N66 -> 0.0098828697 | Q67: 45930 | R67: 239.5 | S67: =(R67-R66)/R66 -> -0.0020833333 | Y67: 45930 | Z67: 635.2 | AA67: =(Z67-Z66)/Z66 -> -0.00031476235 | AC67: 45930 | AD67: 1354 | AE67: =(AD67-AD66)/AD66 -> -0.015272727 | AG67: 45922 | AH67: 81.09 | AI67: =(AH67-AH66)/AH66 -> -0.019230769 | AO67: 45930 | AP67: 539.4 | AQ67: =(AP67-AP66)/AP66 -> -0.025650289 | AS67: 45930 | AT67: 168.8 | AU67: =(AT67-AT66)/AT66 -> -0.001183432 | AW67: 45930 | AX67: 499.5 | AY67: =(AX67-AX66)/AX66 -> -0.0017985612 | BA67: 45930 | BB67: 358.9 | BC67: =(BB67-BB66)/BB66 -> 0.010701211
